Id,EntityType,Name,PlantDef,X,Y,Width,Height,Angle,FillOverride,StrokeOverride,DatePlanted,AcquiredFrom,TimeAltered,TimeAdded
01085676-282c-4264-be38-c9605266cc0c,0,,207,3731.1381106729018,1296.6194535231275,29.159870000000002,29.159870000000002,0,,,2024-03-27 00:00:00.0000000,Hawaii Farm-to-Car,2024-06-29 07:10:46.9125226,2024-04-27 04:18:37.6545159
01be9f93-157d-4ff1-a77a-a88d8800db0b,0,,95,5738.5015000000003,2731.1117105024978,24.703202999999998,25.601500999999999,0,,,2023-05-05 00:00:00.0000000,Plant Group Hawaii,2023-10-22 18:32:42.3689469,2023-07-05 17:36:43.0345011
02069faf-42a8-4e6c-975a-229a352b8258,0,,39,400.31115999999997,1242.0219,45.832794,45.832794,0,,,2023-02-10 00:00:00.0000000,Yamil Matos,2023-12-27 05:44:21.1170900,2023-06-01 00:11:31.2791668
03f4ee56-2ca3-41cd-8377-d50cfdc9d0ed,0,,184,3523.4827,623.33234000000004,26.539717,45.615139999999997,0,,,2022-06-28 00:00:00.0000000,Hawaii Farm-to-Car,2024-09-23 20:44:30.5750203,2023-10-25 01:09:01.6831031
066bc7c5-9f22-44d9-b163-dc8cf3d19f5d,0,,39,2428.002,412.83350000000002,29.113475999999999,27.727119999999999,0,,,2023-04-04 00:00:00.0000000,The farm,2023-06-06 20:07:55.7200360,2023-05-23 04:11:57.5148203
067cb516-26b7-4ab3-be97-63ab8b840f51,0,,7,7689.6885197329293,6345.4838962788899,34.179481206344462,34.179481206344462,0,,,2024-03-02 00:00:00.0000000,Ka'o,2024-09-10 23:18:56.7804209,2024-09-10 23:16:44.0586856
07acc28a-28a4-40a6-a94a-6624ba12d5f1,0,Fox Palm,13,1766.2618,406.52172999999999,33.467460000000003,32.370167000000002,0,,,2022-11-05 00:00:00.0000000,Big Island Nurserymen Plant Sale,2024-09-23 20:23:03.5919325,2023-04-30 23:43:16.0510663
07d45a12-17f4-4db6-8e25-12a339ce762b,0,,51,2975.8420000000001,724.65710000000001,18.520111,17.975403,0,,,2023-01-08 00:00:00.0000000,Jeff & Lani,2023-07-23 18:03:11.7411206,2023-05-31 00:34:13.5160414
088d4983-c170-4c80-994b-b1427010446a,0,,31,8372.7241794691636,7606.3706238843988,12.506331883379971,12.506331883379971,0,,,2023-02-04 00:00:00.0000000,The Green Escape (Etsy),2024-08-14 06:32:44.5109423,2023-10-25 00:45:08.8445275
0897be67-e847-477a-af0b-f17b6e73ad42,0,,226,4421.1070929022299,1757.9348596054931,18.300690286630015,18.300690286630243,0,,,2024-09-09 00:00:00.0000000,Andy Plantman,2024-09-10 23:05:41.6831918,2024-09-10 23:05:31.4300597
08b85d65-df1d-4a2b-b701-d0c71cc3620a,0,,30,3331.3634999999999,802.21749999999997,22.786321999999998,23.456506999999998,0,,,2023-01-20 00:00:00.0000000,Yamil Matos,2023-07-23 18:03:17.9653345,2023-07-05 01:45:42.0612264
08d2adad-d1c5-4da8-9269-00cadfab9942,0,,154,6908.5950000000003,4047.8499000000002,33.415534999999998,32.078915000000002,0,,,2023-08-24 00:00:00.0000000,Plant Group Hawaii,2024-09-23 20:31:34.7298501,2023-08-27 20:53:48.0553966
08e3a269-ae3c-46bd-9d8a-195bbf2e2989,0,,112,2350.6055000000001,379.89890000000003,30.475269999999998,30.474744999999999,0,,,2023-05-06 00:00:00.0000000,Hawaii Farm-to-Car,2023-07-06 23:42:03.3058825,2023-05-23 04:07:02.9881445
09d206fc-1916-40a9-b156-bb053c41f79e,0,,200,4471.3320352454821,1755.7423078522954,19.675774000000001,19.675774000000001,0,,,2024-04-20 00:00:00.0000000,Andy Plantman,2024-08-12 20:29:03.4169690,2024-04-26 21:21:47.2871939
0ac94085-2441-41b1-86e6-0599e8819270,0,,150,1290.4897000000001,484.65163999999999,29.701350999999999,29.701350999999999,0,,,2023-07-14 00:00:00.0000000,Plant Group Hawaii,2023-07-25 02:46:39.5325533,2023-07-14 17:16:30.1803110
0c2ab2c7-a1f3-4bf1-bd0b-a9ecc9fb145c,0,,189,9969.6484840139565,8829.3445900102251,23.337056431306337,23.337056431306337,0,,,2023-11-24 00:00:00.0000000,Plant Group Hawaii,2023-12-18 00:23:18.3079090,2023-12-18 00:22:54.8123829
0c54d265-030c-42db-8132-c517136e7848,0,,124,5534.9872999999998,2444.7102,20.616883999999999,20.616883999999999,0,,,2023-04-14 00:00:00.0000000,Plant Group Hawaii,2023-07-23 18:05:24.3479286,2023-07-06 22:13:21.0918373
0cabe3ee-d694-4ddd-9409-a05722dce244,0,,111,8266.9631527864331,6231.131893753135,197,94,319.8486683296486,,,2021-01-01 00:00:00.0000000,The farm,2023-10-21 18:27:41.5729983,2023-07-07 01:26:21.1267150
0d5dd1f4-e138-4546-a7da-ad55f389d13e,0,,88,5298.4566287723846,2263.3620049382394,28.680243132134819,27.209461433051729,0,,,2023-06-25 00:00:00.0000000,Gift,2023-07-05 05:34:50.4182004,2023-07-05 05:34:33.4544020
0d70f55b-44ff-47ce-b96f-ddbe4902da48,0,,32,7931.6793858058099,6548.3400842790725,22.988416609822707,21.98892023548251,0,,,2023-04-17 00:00:00.0000000,That palm guy,2023-07-06 03:37:10.1737498,2023-07-06 03:35:32.4880182
0d823929-453d-4ae5-9737-4c9683b09173,0,,176,7779.5780000000004,6472.3739999999998,26.295399,26.295399,0,,,2023-10-22 00:00:00.0000000,Yamil Matos,2024-09-10 23:18:59.8486547,2023-10-22 18:33:45.2808459
0dae053c-5a32-41af-9169-51b4368be9b7,0,,74,1118.4197972776487,4043.8824224816303,31.273917999999998,29.288273,0,,,2023-01-11 00:00:00.0000000,JG Tropical Plants,2024-09-24 06:53:34.4754356,2023-07-05 02:17:38.6718048
0e9a09dc-df39-43df-a3b2-82393105b24e,0,,111,7421.2393331755302,4983.367640749073,24.689112000000002,23.591818,0,,,2023-05-12 00:00:00.0000000,Plant Group Hawaii,2023-08-02 07:29:55.0279833,2023-07-05 22:45:01.4965486
1128ea45-7950-4e65-a8aa-bb27a4fd346e,0,,81,4647.4759999999997,1864.6686999999999,85.094920000000002,86.384230000000002,0,,,2022-06-05 00:00:00.0000000,Big Island Nurserymen Plant Sale,2024-09-10 23:03:31.4287099,2023-07-05 03:32:56.5122264
122fe7d4-6b7c-4d48-9f30-1d6764f77a8b,0,,89,5229.8296,2355.0286000000001,17.965965000000001,17.516817,0,,,2023-02-20 00:00:00.0000000,Ebay,2023-07-23 18:04:33.2965346,2023-07-05 05:44:56.8249217
12c6599d-21e0-4d7d-834e-f5fd9971f629,0,,78,6468.8769480616538,3198.8614167721112,18.589068318673526,18.589068318673526,0,,,2023-11-11 00:00:00.0000000,Freddo,2024-01-06 22:23:10.2200224,2024-01-06 22:22:41.2091480
12df6202-528a-4aa4-836a-834ac2f27500,0,,16,8949.1489999999994,8211.1849999999995,19.120163000000002,18.384771000000001,0,,,2022-10-22 00:00:00.0000000,Kona,2023-07-23 18:10:49.7744630,2023-07-06 03:41:46.3781769
14344aa4-b1f9-4723-b2d7-02830edb1ecd,0,,55,363.78935289529119,1146.9733701850084,40.113791999999997,41.751089999999998,0,,,2023-04-14 00:00:00.0000000,Plant Group Hawaii,2023-09-17 19:36:09.2929629,2023-06-01 00:09:42.8373392
148a18a5-250a-41f1-9542-74cde41aa91a,0,,172,8717.3500000000004,8036.7475999999997,25.175702999999999,25.175702999999999,0,,,2022-10-18 00:00:00.0000000,That palm guy,2024-09-23 20:17:46.6766130,2023-10-21 18:21:57.8891573
14e7416b-83d5-4527-9032-9b5a5938e997,0,,39,2524.0965888291003,439.21304489854799,29.857180870280899,29.027814734995161,0,,,,,2023-10-25 01:11:59.0150153,2023-10-25 01:11:57.4916387
1637da25-43e7-4078-a629-c3f60a6dbf3d,0,,79,4584.4433417531091,1892.0719169166077,24.255157000000001,23.648779000000001,0,,,2023-02-20 00:00:00.0000000,Ebay,2024-08-12 20:27:39.0942256,2023-07-05 02:54:42.0875672
167b84ee-f740-40f4-9ec2-26fa185792aa,0,,66,462.62833000000001,1730.1836000000001,37.712890000000002,36.745890000000003,0,,,2023-06-09 00:00:00.0000000,Plant Group Hawaii,2024-05-19 08:13:08.0621901,2023-07-05 01:26:51.1958038
18bc5ca8-fb6b-404a-a011-a1642f212764,0,,42,4952.5320000000002,2141.9762999999998,19.010113,18.365701999999999,0,,,2023-06-09 00:00:00.0000000,Plant Group Hawaii,2024-02-19 04:51:16.6809968,2023-07-24 04:07:30.3348379
18de2eb8-298e-443f-980d-e5fd4617da8a,0,,164,5203.1187,2337.5387999999998,16.632059999999999,15.908925999999999,0,,,2023-09-02 00:00:00.0000000,Big Island Nurserymen Plant Sale,2024-09-23 20:40:52.1544733,2023-10-24 01:20:48.9151184
18ef3ee4-907c-466d-8fda-b9bb722bd118,0,,112,2212.3379568770742,396.82932141775484,31.039626307810977,29.910398027898623,0,,,2023-05-06 00:00:00.0000000,Hawaii Farm-to-Car,2023-07-06 23:42:11.3591214,2023-05-23 04:06:58.2407479
1998b184-cf8e-430b-a118-687ff8f7d81a,0,,212,2879.7640770188946,4743.0075292544816,29.887067938218934,29.887067938218934,0,,,2024-06-15 00:00:00.0000000,Ka'o,2024-08-14 07:07:13.8428746,2024-06-18 08:26:53.8472738
1a240c75-995c-45db-82e8-3517275c1a46,0,,16,8658.2999999999993,7967.0299999999997,19.120163000000002,18.384771000000001,0,,,2022-10-22 00:00:00.0000000,Kona,2024-06-20 18:33:28.1504738,2023-07-06 03:40:04.6105436
1a2dd5e4-f1f0-49bb-b31a-ced0976a7004,0,,180,4300.9170000000004,1678.3887999999999,21.355084999999999,20.707961999999998,0,,,2023-10-22 00:00:00.0000000,Yamil Matos,2024-05-19 08:14:22.0532113,2023-10-22 18:23:41.7954756
1c33bab5-26ee-4c27-80ef-b321519e99fe,0,,121,7963.3680000000004,6472.4966000000004,28.791861999999998,26.309805000000001,0,,,2023-02-13 00:00:00.0000000,Yamil Matos,2023-07-23 18:10:03.1404904,2023-07-05 23:40:06.4851365
1ca9ca61-6d2d-456c-939f-6f124381caf6,0,,155,7107.0608886614782,3820.1063126105951,22.806168,23.683326999999998,0,,,2023-08-25 00:00:00.0000000,Plant Group Hawaii,2024-01-19 06:42:33.9477316,2023-10-22 18:13:14.0035572
1d6883f0-a735-4d04-a141-0ea6b24c1627,0,,77,4433.2259999999997,1661.0232000000001,41.698560000000001,43.684204000000001,0,,,2022-05-08 00:00:00.0000000,Big Island Nurserymen Plant Sale,2023-07-05 02:42:10.2706845,2023-07-05 02:35:22.9057227
1db5e851-c8bb-4abd-a21a-8a5374b0dacf,0,,203,4087.6593909925477,1489.1313171215643,20.495598000000001,20.495598000000001,0,,,2024-04-20 00:00:00.0000000,Big Island Nurserymen Plant Sale,2024-04-27 04:11:51.7854336,2024-04-26 21:22:37.0418866
1dd5dc76-acb6-4093-a484-6ccf036b145a,0,,156,7764.9430000000002,5628.9287000000004,18.810096999999999,20.900106000000001,0,,,2023-04-30 00:00:00.0000000,Aloha Tropicals,2024-09-23 20:33:55.1829818,2023-08-27 21:03:08.8645930
1f96c68c-1b8c-47b8-be30-1bd07f45def5,0,,16,5773.1170000000002,2633.6671999999999,26.22268,26.22268,0,,,2022-05-21 00:00:00.0000000,Kona,2023-07-23 18:05:16.4013878,2023-07-05 05:33:23.9005651
20a89df4-ae44-4187-81a1-6ba94d93eec2,0,,225,7800.0951291322181,5948.1290107297227,18.029473458429493,18.029473458429493,0,,,2024-09-09 00:00:00.0000000,Andy Plantman,2024-09-10 23:03:17.4601672,2024-09-10 23:02:13.2269770
20c1eba3-0220-4a46-9fb2-cfc5723803e1,0,,142,3787.7235999999998,1169.8939,28.499811000000001,29.712568000000001,0,,,2022-11-02 00:00:00.0000000,Gift,2023-07-23 18:03:32.8231670,2023-07-06 22:01:45.8062409
21ab131d-3b3e-4b28-b01d-00a4ea44157a,0,,185,7752.3597207414841,5764.3752710498693,21.537657716250578,21.537657716250578,0,,,2023-10-27 00:00:00.0000000,Aloha Tropicals,2023-10-28 06:43:36.6002888,2023-10-28 06:42:10.7924171
233f29a1-5ed3-44ff-8c3b-d49c5c5e1458,0,Foxtail,13,2174.7415000000001,330.06653,25.243573999999999,24.002087,0,,,2022-11-05 00:00:00.0000000,Big Island Nurserymen Plant Sale,2023-05-28 04:31:29.7349172,2023-04-30 23:43:05.2197375
23878f6b-9aea-44c2-8b4e-274ad62f4b91,0,,22,4440.8186695333225,1815.1175112942365,31.036097320779433,31.976583645662483,0,,,2022-11-11 00:00:00.0000000,Yamil Matos,2024-08-12 20:30:41.2943711,2023-07-05 02:37:21.6819373
23b2bb89-7538-488f-9795-893e31a9f299,0,,192,7197.7240000000002,4344.308,26.512816999999998,26.512816999999998,0,,,2024-01-06 00:00:00.0000000,Plant Group Hawaii,2024-04-26 21:13:19.5209951,2024-01-06 22:26:41.4492854
241f4bd9-308a-4480-a0b3-f73f2f804d19,0,,78,4988.5552825508585,2082.6796483515081,23.591817021876523,25.237757744333067,0,,,2022-04-04 00:00:00.0000000,Gift,2023-07-05 02:44:13.2253888,2023-07-05 02:42:55.3448239
2441d00f-9798-494e-ae9d-c0f50aacfc82,0,,59,596.73914000000002,2126.1790000000001,26.372852000000002,26.372852000000002,0,,,2023-02-07 00:00:00.0000000,Yamil Matos,2023-06-01 17:18:42.4599046,2023-06-01 00:20:03.4054194
25b29dd4-f879-4080-b00c-32b051856127,0,,43,2014.4807000000001,534.36170000000004,25.152350999999999,25.152350999999999,0,,,2023-05-26 00:00:00.0000000,Plant Group Hawaii,2023-05-31 00:15:16.0138816,2023-05-27 06:42:37.0423414
288b5a36-62de-453c-9c92-8d4e2755dae3,0,,51,3683.692,1193.4795999999999,74.648380000000003,29.654046999999998,30.998519469538266,,,2023-05-29 00:00:00.0000000,Hawaii Farm-to-Car,2023-07-23 18:03:33.6430683,2023-05-31 00:29:33.4816063
29529b1c-493b-4ee1-8cc4-415c7a0eb3ee,0,,181,4331.8994000000002,1594.6965,19.506557000000001,18.693784999999998,0,,,2023-04-19 00:00:00.0000000,Panaewa Zoo Plant Sale,2024-09-23 20:24:49.3628676,2023-07-05 02:23:28.9630914
2b484708-a87d-40ea-acda-a4b66f04d53f,0,,44,7264.1109999999999,4583.9804999999997,28.817993000000001,28.817993000000001,0,,,2023-05-26 00:00:00.0000000,Plant Group Hawaii,2024-09-23 20:31:16.3183465,2023-05-27 06:59:03.2876702
2bf3b475-c9c9-4e41-91ea-a9eca552710e,0,,3,420.54300000000001,2288.5302999999999,157.06397999999999,181.11369999999999,332.98354946362974,,,2010-01-01 00:00:00.0000000,Existing,2023-06-01 05:11:34.5561205,2023-05-23 04:13:16.2971119
2c78f707-71cb-4640-bc4c-6b8c6ff4ebc9,0,,51,3003.8944999999999,737.18539999999996,10.349474000000001,10.621829,0,,,2023-03-25 00:00:00.0000000,Hawaii Farm-to-Car,2023-07-23 18:03:14.1043980,2023-05-31 00:34:16.1693602
2deeed4a-cd18-407f-b555-8edc2f5ec4a6,0,,76,4355.2896000000001,1633.7206000000001,18.863634000000001,19.360043999999998,0,,,2023-02-19 00:00:00.0000000,Ebay,2023-07-23 18:03:40.6775107,2023-07-05 02:27:27.2305283
2df9b70b-fac9-4ec6-8960-79a9a99af493,0,,114,5632.3990000000003,2514.6006000000002,20.848583000000001,19.202642000000001,0,,,2022-11-15 00:00:00.0000000,Yamil Matos,2023-07-23 18:05:22.2336189,2023-07-06 22:08:16.6349510
2dfa0068-18d9-4c67-a7c3-3b61006d9ded,0,,39,1970.4793999999999,441.93515000000002,29.296572000000001,27.901496999999999,0,,,2023-04-04 00:00:00.0000000,The farm,2023-06-06 20:07:19.7198053,2023-05-23 04:12:18.0812845
2e3f218f-2fcc-48d1-8933-1b75c2a834d7,0,,142,5350.494599163535,2292.9823363070345,22.33851360439985,22.33851360439985,0,,,2022-11-02 00:00:00.0000000,Gift,2023-07-07 01:01:56.8830237,2023-07-06 22:02:06.3838481
2e673256-c92c-4429-b672-d2065753f7e6,0,,152,5053.5988294901726,2163.0843582485695,16.110264699505933,16.432469993496397,0,,,2023-05-06 00:00:00.0000000,Plant Group Hawaii,2024-02-19 07:49:00.0815668,2023-07-24 04:19:49.9278132
2edd4fa8-0b8a-4b2c-a15f-64a1f2c1ac84,0,,147,3537.1421808702803,749.09079521757019,32.745953,31.927305,0,,,2023-01-08 00:00:00.0000000,Gift,2023-10-25 01:07:33.8322667,2023-07-06 22:38:37.2540301
316b6e67-cf82-43b7-994d-1a53302a3f10,0,,181,5453.3227999999999,2436.6080000000002,15.185793,15.185793,0,,,2022-04-18 00:00:00.0000000,Panaewa Zoo Plant Sale,2024-09-23 20:25:24.0813071,2023-10-24 01:23:20.3080827
350c72c2-6dde-45a1-9712-21f341a1733f,0,,86,5065.3086000000003,2097.4459999999999,19.120163000000002,20.590944,0,,,2022-06-05 00:00:00.0000000,Big Island Nurserymen Plant Sale,2023-07-23 18:04:26.5096896,2023-07-05 03:49:57.8870610
3645a0a8-24be-42f8-8de2-0cdf21994f7d,0,,78,5878.6519490572064,2768.8438543308489,27.893431463614434,29.106189353336958,0,,,2022-04-04 00:00:00.0000000,Gift,2023-07-05 02:44:55.2275688,2023-07-05 02:44:37.9460481
36660c10-2b5d-46da-ad38-ff36fee208d3,0,,13,2406.4004,445.34219999999999,40.898795999999997,37.645479999999999,0,,,2022-11-05 00:00:00.0000000,Big Island Nurserymen Plant Sale,2024-09-23 20:22:47.3559026,2023-05-01 00:13:09.7892200
36897b4d-2c2f-4438-8698-5b52d5841ebf,0,,142,4675.2121526571891,1832.001993202852,17.556702000000001,17.556702000000001,0,,,2022-11-02 00:00:00.0000000,The Farm,2024-08-12 20:28:17.3194417,2023-07-06 22:23:31.8738369
3768cc28-3159-4085-bfee-666ef4b6d863,0,,191,4924.6474280613729,1973.4936178744852,15.579954543678468,15.579954543678468,0,,,2024-06-15 00:00:00.0000000,Facebook Marketplace,2024-06-18 08:16:41.9327603,2024-06-18 08:14:33.1489869
37ebf330-121e-4dee-98d0-7b968caf3b48,0,,115,7646.9549999999999,5184.1352999999999,23.591818,21.945876999999999,0,,,2023-01-18 00:00:00.0000000,Yamil Matos,2023-10-22 20:16:14.5601536,2023-07-05 23:15:28.8154952
38d7a97a-161a-4e2f-a922-1f77b2e7c7b7,0,,202,3648.0376000000001,1844.6581000000001,24.427517000000002,24.427517000000002,0,,,2024-07-20 00:00:00.0000000,The Green Escape (Etsy),2024-09-23 20:46:04.9908855,2024-06-18 08:35:25.8545404
38f63789-ee3b-47d8-a551-495e72f7d2cd,0,,143,1788.7137823867129,554.68567858290658,61.525866003732517,49.763568091254115,0,,,2021-01-01 00:00:00.0000000,The farm,2023-07-06 22:03:54.1895391,2023-07-06 22:03:51.4070305
396febd6-6400-4c1b-9826-5d4ae3b35193,0,,73,4029.5916000000002,1564.319,26.821518000000001,27.227903000000001,0,,,2023-05-05 00:00:00.0000000,Plant Group Hawaii,2023-07-23 18:03:37.1841935,2023-07-05 02:14:14.6202389
3a1874d3-a4b0-4036-83ba-bc5a7ff66061,0,,111,7535.9069331755309,5012.4466207490732,24.689112000000002,23.04317,0,,,2023-05-12 00:00:00.0000000,Plant Group Hawaii,2023-08-02 07:29:56.9664020,2023-07-05 22:44:46.8862487
3b799e4d-e1aa-48d4-9112-f63e30a2ac72,0,,7,7735.4957675824944,6404.728495065905,28.817993958289662,28.817993958289662,0,,,2024-03-02 00:00:00.0000000,Ka'o,2024-09-10 23:18:41.4379701,2024-09-10 23:16:41.5569947
3b949653-e14b-4883-94d1-3b4392ab75a9,0,,204,7709.9404000000004,5403.8975,20.810219,20.810219,0,,,2024-04-26 00:00:00.0000000,Plant Group Hawaii,2024-08-12 05:04:25.4696428,2024-04-26 21:19:43.2377557
3be9ecd7-04f0-4204-b21b-b2bfc0bcf957,0,,149,7330.3739999999998,4957.1080000000002,26.393198000000002,27.244589000000001,0,,,2023-07-14 00:00:00.0000000,Plant Group Hawaii,2024-08-12 20:57:40.7199697,2023-07-14 17:31:05.8746880
3dcd39e2-c3e1-4181-bad7-5cbbff9e626b,0,,110,7718.6176999999998,5433.8915999999999,23.591818,24.140464999999999,0,,,2023-01-20 00:00:00.0000000,Yamil Matos,2024-08-12 05:04:28.4787890,2023-07-05 22:40:40.8970979
3dfa73d3-fbb5-4d08-a6cf-b391b633689d,0,,16,2370.7179999999998,319.86203,32.370167000000002,32.370167000000002,0,,,2022-09-03 00:00:00.0000000,Kona,2023-07-06 23:25:43.8534039,2023-05-01 00:06:47.4794990
3dfbcfa4-7ec0-4911-8203-2b066782a15c,0,,188,7281.4850798448779,4666.3162560610845,30.556705087225964,30.556705087225964,0,,,2023-11-24 00:00:00.0000000,Plant Group Hawaii,2023-12-18 00:16:13.0138192,2023-12-18 00:15:30.7776994
3ebb1cdf-6dc4-4371-8c6c-1a403824beea,0,,16,3774.2308744522584,1026.8533086925511,32.370167000000002,32.370167000000002,0,,,2022-09-03 00:00:00.0000000,Kona,2023-07-03 22:47:32.8108925,2023-05-23 04:08:12.0373571
3ef6f35b-4334-453a-8b13-24f8dd863699,0,,112,5160.8516,2153.6482000000001,20.616883999999999,21.829640999999999,0,,,2023-05-06 00:00:00.0000000,Hawaii Farm-to-Car,2023-07-23 18:04:29.0822648,2023-07-06 22:14:57.0309131
3f19cb02-a330-46a3-be23-eff2bdfb8e02,0,,205,3687.674,1317.5247999999999,24.796879000000001,24.796879000000001,0,,,2024-04-26 00:00:00.0000000,Plant Group Hawaii,2024-04-27 04:11:57.5579129,2024-04-26 21:17:53.6420665
40a69360-2432-4492-aee1-a8f616ae847f,0,,96,6000.0619219827777,2912.7966317675714,22.338514,23.331337000000001,0,,,2023-01-20 00:00:00.0000000,Yamil Matos,2023-10-24 01:29:44.3063057,2023-07-05 17:40:47.1218892
417d58d0-eb70-4b6a-910a-be53e094eae9,0,,143,2282.7302947108001,409.01414289759902,40.715646620116786,38.001270178775883,0,,,2021-01-01 00:00:00.0000000,The farm,2023-07-06 22:03:59.8080556,2023-07-06 22:03:58.2442102
4274a07e-afac-46cf-a058-b5eeab6f279f,0,,37,3827.6691999999998,1195.6074000000001,46.691177000000003,46.084800000000001,0,,,2022-03-19 00:00:00.0000000,Kona,2023-07-23 18:03:30.0950059,2023-05-23 04:32:50.1316875
42b4ecda-b5fe-434c-8e53-e640e5b7b096,0,,33,677.25597384955074,457.32292875957876,51.473216999999998,49.079116999999997,0,,,2023-04-14 00:00:00.0000000,Plant Group Hawaii,2024-08-12 20:23:13.9498559,2023-05-23 03:52:53.4117418
442d70a8-6bd3-4193-a28b-8ae0510609a2,0,,78,4403.6562817981949,1605.6820481376462,21.132104372350113,21.944877617440852,0,,,2023-04-03 00:00:00.0000000,Gift,2023-07-05 02:41:30.0270799,2023-07-05 02:41:01.0923353
44369486-aea0-4696-9a90-c26591f581b2,0,,172,6296.6532999999999,3006.5333999999998,20.854165999999999,20.854165999999999,0,,,2022-10-18 00:00:00.0000000,That palm guy,2024-09-23 20:18:35.3638317,2023-10-21 18:34:12.1365332
449a290f-566c-4239-8738-6766ce56aa7a,0,,193,4162.3672625667787,1467.3665194295345,21.866381248680227,21.866381248680227,0,,,2024-01-13 00:00:00.0000000,Plant Group Hawaii,2024-09-10 23:10:40.7898566,2024-09-10 23:09:07.2122933
44f159e2-6877-4456-9ad2-558a1504b42a,0,Queen,14,1664.6772715167535,432.84668744583024,29.626932,28.529637999999998,0,,,2022-11-05 00:00:00.0000000,Big Island Nurserymen Plant Sale,2023-07-06 23:29:51.8107284,2023-04-30 23:43:09.9843295
457656bc-1f9e-4341-80c9-fd31fe35811c,0,,91,5409.1494000000002,2499.8056999999999,19.120163000000002,19.487857999999999,0,,,2023-05-12 00:00:00.0000000,Plant Group Hawaii,2023-07-23 18:04:38.4026897,2023-07-05 17:18:53.9165832
45cd1cbe-d6e2-4660-b123-ac2c209e610f,0,,54,305.57877887574045,1028.7842519848386,36.02055,34.383249999999997,0,,,2023-01-20 00:00:00.0000000,Yamil Matos,2023-09-17 19:36:05.0383084,2023-06-01 00:09:28.2080390
48084a41-cab6-46f5-8143-b35a76650654,0,,39,1381.5440000000001,459.13992000000002,29.296572000000001,27.901496999999999,0,,,2023-04-04 00:00:00.0000000,The farm,2023-06-06 20:06:34.8705530,2023-05-23 04:12:59.8479339
48661cd4-d8c4-404f-ac21-c8210e2718b7,0,,87,5200.1710000000003,2220.9875000000002,27.980991,27.980991,0,,,2022-08-07 00:00:00.0000000,Gift,2023-07-23 18:04:27.9709422,2023-07-05 05:25:24.6448326
48c4815e-4970-4d81-8364-bfa82a531c3d,0,,144,553.58294999999987,31.589970000000005,30.17558,31.82152,0,,,2022-11-15 00:00:00.0000000,Yamil Matos,2024-08-12 20:22:13.0069343,2023-07-06 22:22:52.8166137
48ef5491-2d39-42e8-8a12-c86857582e3b,0,,14,2685.7426999999998,434.05009999999999,33.411940000000001,30.754173000000002,0,,,2022-11-05 00:00:00.0000000,Big Island Nurserymen Plant Sale,2024-09-23 20:22:54.2313066,2023-05-01 00:13:40.7626575
49c644c7-d9a9-472d-8d2c-c48ecb620a1e,0,,141,6023.8729999999996,2815.5999000000002,25.282461000000001,26.505894000000001,0,,,2022-11-02 00:00:00.0000000,Gift,2024-01-06 22:16:21.0731010,2023-07-06 21:57:32.2305619
4a427ec3-c4d4-46c6-9b92-810f2b3937c6,0,,163,3442.6572000000001,548.78110000000004,18.406012,18.903471,0,,,2023-09-02 00:00:00.0000000,Big Island Nurserymen Plant Sale,2024-04-27 04:36:13.9438791,2023-10-07 23:25:40.5864181
4a53cb19-aa1d-4b1d-9add-8185f5f6613a,0,,122,7945.9939999999997,6607.0244000000002,24.324159999999999,22.338514,0,,,2023-04-24 00:00:00.0000000,Yamil Matos,2023-07-23 18:10:07.6181698,2023-07-05 23:42:56.4362320
4c6b8904-8593-4b4c-a58e-267a13755813,0,,141,4936.571074170939,1987.7892841993291,19.487857512860501,19.487857512861183,0,,,2022-11-02 00:00:00.0000000,Gift,2023-07-07 01:01:32.8758216,2023-07-06 21:58:42.9817668
4caf3017-d630-4cf2-844a-10464989e9a4,0,,160,5306.9086865942281,2377.0058269922083,18.662366478299191,19.949426235423289,0,,,2023-09-02 00:00:00.0000000,Big Island Nurserymen Plant Sale,2024-02-19 07:58:28.2668446,2023-09-17 19:47:23.1782331
4d2c353e-e34b-40ef-b872-c8f070c7b9be,0,,112,2478.6707000000001,427.41223000000002,29.910913000000001,29.910398000000001,0,,,2023-05-06 00:00:00.0000000,Hawaii Farm-to-Car,2023-07-06 23:42:41.9785694,2023-05-23 04:06:44.4779005
4d999244-62ee-4cb9-a8fa-d101fdcb3ab9,0,,142,6208.3198105732881,2935.3582953903469,23.863389999999999,26.032786999999999,0,,,,,2024-01-06 22:15:18.9805140,2023-10-24 01:27:43.8753397
4e5ad960-d8f2-46dd-980b-8104d56a6671,0,,173,1953.309,627.23670000000004,27.520403000000002,26.632648,0,,,2024-01-14 00:00:00.0000000,Panaewa Zoo Plant Sale,2024-09-23 20:35:55.2888549,2023-10-21 18:30:57.7072692
4e7962cb-e68c-493b-9584-751484be8d72,0,,147,3569.6987376180277,821.14520036706256,20.374253066435411,21.572738067291038,0,,,2024-06-21 00:00:00.0000000,Andrew,2024-06-29 07:38:06.2311713,2024-06-29 07:37:21.3678145
4ed49303-68f9-400e-ada7-11c9c94b25f7,0,,209,5800.8855611903573,2647.7295817474924,17.191673979232291,17.191673979232291,0,,,2024-06-15 00:00:00.0000000,Garden Exchange,2024-06-18 08:18:57.6829821,2024-06-18 08:18:09.2898207
4f17fc39-e9c9-4286-b718-e880112ca8b3,0,,16,9615.3404658310283,8698.1644897177139,19.120162088089273,18.384771238548637,0,,,2022-09-17 00:00:00.0000000,Kona,2023-07-06 23:13:58.9801143,2023-07-06 03:42:46.0322676
507c7324-e180-4f2c-8651-383c1d43fbc6,0,,62,730.83755638872458,3340.8172616627376,31.778293999999999,31.102157999999999,0,,,2023-04-23 00:00:00.0000000,Lady at Maku'u Market,2024-09-08 20:27:12.8641482,2023-06-06 20:01:59.8647327
5103ecb9-1521-43e4-a73c-498480e653bd,0,,65,2473.4611768024733,484.36441308957046,35.525837000000003,34.719505496036739,0.54070330658595367,,,2023-03-20 00:00:00.0000000,Plant Group Hawaii,2024-08-12 05:16:35.4942437,2023-04-27 21:22:20.3043187
51425bf9-33bb-45b4-b6e9-16671bd83e8a,0,,167,7953.8010000000004,6128.5117,22.392315,21.818151,0,,,2023-09-12 00:00:00.0000000,Plant Group Hawaii,2024-09-23 20:30:38.0556424,2023-09-17 19:43:37.8240127
51b2a0b7-4524-41c6-be33-6af9d3daedfd,0,,143,657.88660000000027,559.87908600000014,21.694030000000001,21.326333999999999,0,,,2021-01-01 00:00:00.0000000,The farm,2024-08-12 20:24:59.6512765,2023-07-06 22:44:22.4134511
52db2ee5-4e93-48c6-8350-be7ade062039,0,,75,4955.6571013718476,2026.883863771913,16.459407224565439,17.556701039535938,0,,,2022-05-01 00:00:00.0000000,Panaewa Zoo Plant Sale,2023-07-06 22:22:32.4384076,2023-07-06 22:22:29.6964049
52ddadc3-899c-481f-8ebe-2422644af5a4,0,,147,3569.4594999999999,897.59844999999996,27.834060000000001,29.471357000000001,0,,,2023-01-08 00:00:00.0000000,Gift,2024-06-29 07:36:49.9993953,2023-07-06 22:38:07.0246620
53579672-9b93-4b82-b9bc-b498e8d70923,0,,206,3651.2812385441207,1787.8371798612045,26.137250000000002,26.137250000000002,0,,,2024-04-26 00:00:00.0000000,Plant Group Hawaii,2024-08-12 20:27:07.9811517,2024-04-26 21:18:20.6517234
53bfdae9-13e5-4899-89f7-c1028d9a0913,0,,146,3486.1614,661.48315000000002,32.345280000000002,57.226264999999998,0,,,2023-06-14 00:00:00.0000000,Hawaii Farm-to-Car,2024-09-23 21:03:24.3857604,2023-10-25 01:08:06.3080829
5472d92d-2cfa-46a5-bdfa-c3e978686929,0,,78,5565.4640321393754,2530.5113308493997,27.432345374275428,26.335051559303793,0,,,2023-04-03 00:00:00.0000000,Gift,2023-07-06 22:06:58.8130772,2023-07-06 22:06:54.9491224
55c3eab0-b4c0-4536-b959-8d1986b0c6b2,0,,170,1295.2656402537159,4073.8172256419975,25.819305,22.420635105281232,0,,,2023-10-19 00:00:00.0000000,Dean Tahara,2023-10-25 01:32:26.6426095,2023-10-21 18:07:09.4379877
566dcedb-db6e-4ab5-aa3f-0404935dc360,0,,228,8597.6873241431167,7884.5812408172287,20.542203113354844,20.542203113354844,0,,,2024-09-09 00:00:00.0000000,Andy Plantman,2024-09-10 23:01:13.7673210,2024-09-10 23:00:53.0719848
56a7459f-52ef-44bc-9bf1-68f4798227e0,0,,39,1419.3302000000001,444.33202999999997,29.296572000000001,27.901496999999999,0,,,2023-04-04 00:00:00.0000000,The farm,2023-06-06 20:06:48.5517574,2023-05-23 04:13:04.1414264
582cb1e4-b993-4a4f-b297-b823150e5861,0,,174,3136.9929999999999,4833.0820000000003,30.006557000000001,30.006557000000001,0,,,2023-06-18 00:00:00.0000000,Garden Exchange,2024-09-23 20:57:43.0676152,2024-06-18 08:20:36.6166376
58840ea3-ffab-4099-a12b-698612524a2f,0,,46,693.42100000000005,3189.9106000000002,31.531706,31.531706,0,,,2023-05-26 00:00:00.0000000,Plant Group Hawaii,2023-05-31 00:18:37.3446067,2023-05-27 06:47:42.7175033
58ac99fa-3fcb-40ba-993c-a7dd9c5f0f4e,0,,16,5273.5988248613467,2240.729566038407,22.01802216549002,22.01802216549002,0,,,2022-04-23 00:00:00.0000000,Kona,2023-07-06 23:04:54.4091571,2023-07-05 05:28:13.2513385
5a569875-a8a0-416f-a958-eee4baf980e9,0,,75,4888.7221786586169,1968.7272915784499,19.202641761991799,20.299935576963662,0,,,2022-05-01 00:00:00.0000000,Panaewa Zoo Plant Sale,2023-07-06 22:22:28.5262693,2023-07-06 22:22:26.5916782
5c4d28eb-35e2-4ad4-9706-bea079cba98e,0,,129,10000.635,8881.7510000000002,25.237759,24.117159999999998,0,,,2023-01-24 00:00:00.0000000,Yamil Matos,2023-07-23 18:11:04.6270804,2023-07-06 04:11:58.4470112
5c8b2b7f-35ce-49d9-b5aa-35528c415bad,0,,146,3841.6020229246146,1091.5181172199573,18.75246666331941,19.120162088090183,0,,,2023-06-14 00:00:00.0000000,Hawaii Farm-to-Car,2023-07-06 22:31:13.4548917,2023-07-06 22:30:52.4686363
5ce0cac8-17be-4915-b6f9-62364d43cc15,0,,97,6114.2983000000004,2978.0524999999998,24.618908000000001,23.953531000000002,0,,,2022-11-12 00:00:00.0000000,Yamil Matos,2023-07-23 18:05:51.2284758,2023-07-05 17:44:32.9597498
5d0ff40c-4abc-4e6b-949a-551f2040dec3,0,,178,9065.5470000000005,8328.5190000000002,15.969021,15.969021,0,,,2023-10-22 00:00:00.0000000,Yamil Matos,2023-10-25 00:54:21.2183000,2023-07-06 03:59:05.7555667
5d3f7df2-3ce7-40ee-bec2-3fffcb71e4da,0,,123,7342.3964999999998,4341.0316999999995,21.538489999999999,20.319330000000001,0,,,2023-04-24 00:00:00.0000000,Yamil Matos,2023-07-23 18:07:08.8113955,2023-07-05 23:46:49.7319486
5e70edfa-0a85-42d2-b8be-ac3b6769cd93,0,,219,687.21095843010016,523.16135738795447,16.900213950003263,16.900213950003263,0,,,2024-09-09 00:00:00.0000000,Andy Plantman,2024-09-10 23:07:18.0698386,2024-09-10 23:07:10.0556053
60979579-92fb-4911-a855-ce4c4c71e887,0,,194,5170.8298093253288,2293.5513290100603,15.207651459782937,15.207651459782937,0,,,2023-11-25 00:00:00.0000000,Ebay,2024-02-19 07:54:42.9427877,2024-01-21 20:25:34.2964256
610fb87a-af5c-4a13-9826-a69c4524e4c4,0,,78,4988.5600000000004,2082.6799999999998,23.591818,25.237759,0,,,2022-04-04 00:00:00.0000000,Gift,2023-07-05 02:58:19.8860800,2023-07-05 02:53:29.3692476
611f850f-6245-4255-8d1e-22046ecd80b5,0,,222,4356.3383852504685,1684.3859695105107,16.816850533660727,16.816850533660272,0,,,2024-09-09 00:00:00.0000000,Andy Plantman,2024-09-10 23:06:32.1467222,2024-09-10 23:06:22.9511619
61a32aa2-16f0-4bef-bcaf-f6dfc90a44f5,0,,171,7789.4380000000001,6535,50.375667999999997,46.118569999999998,0,,,2023-10-08 00:00:00.0000000,Ili Kupono Gardens,2024-09-23 20:16:20.9834473,2023-10-21 18:16:01.1317245
61c10763-9e53-48c8-8756-131d0de09afb,0,,31,7695.1440000000002,5372.2039999999997,21.672965999999999,21.07094,0,,,2023-02-03 00:00:00.0000000,The Green Escape (Etsy),2024-08-12 05:04:29.7895999,2023-05-31 22:51:58.4482414
61f37df6-e671-4d82-a8d6-5a1cbcadeec9,0,,31,497.38589999999999,481.30817000000002,28.109836999999999,27.32901,0,,,2023-02-03 00:00:00.0000000,The Green Escape (Etsy),2023-07-03 22:43:02.6034871,2023-05-23 03:40:00.7465963
6271327d-97c2-4ef7-bf17-110dfb272d19,0,,136,6520.3135000000002,3193.7640000000001,25.786405999999999,25.786405999999999,0,,,2022-11-13 00:00:00.0000000,Yamil Matos,2023-07-23 18:06:10.5102457,2023-07-06 05:11:21.9104839
62cbae8e-c63e-4fc2-b97a-2bfce4f94a1e,0,,16,4189.5043999999998,1379.8259,32.370167000000002,32.370167000000002,0,,,2022-03-26 00:00:00.0000000,Kona,2023-07-06 23:03:07.7646203,2023-05-23 04:02:59.3297051
6329e015-06f3-42a6-b724-988cf791ed7c,0,,126,8879.3029999999999,8160.2837,25.708259999999999,25.708259999999999,0,,,2023-06-23 00:00:00.0000000,The farm,2023-10-25 00:53:44.4679382,2023-10-22 19:38:00.9222097
640a3742-a907-437b-9848-341058a6f282,0,,172,9652.4920000000002,8734.7129999999997,20.471792000000001,20.471792000000001,0,,,2022-10-18 00:00:00.0000000,That palm guy,2024-09-23 20:18:11.8411974,2023-10-21 18:21:29.2031491
64229fb9-8f2e-4c74-9e66-7d5267f212d8,0,,61,435.65822769723712,2684.8862482705595,33.477310000000003,31.667725000000001,0,,,2023-01-13 00:00:00.0000000,Yamil Matos,2024-06-29 07:43:13.1829937,2023-07-05 01:09:16.9639249
650097cb-0174-4df1-bc4d-c3ac618a449c,0,,37,4117.7606999999998,1382.0685000000001,37.595492999999998,37.595492999999998,0,,,2022-03-19 00:00:00.0000000,Kona,2024-05-19 08:09:33.9135417,2023-05-23 04:32:53.7573933
65411767-b4b0-4b63-bcb2-be1b6d55e408,0,,119,7827.8302331755312,5942.6706207490734,25.329014000000001,26.309805000000001,0,,,2023-01-22 00:00:00.0000000,Yamil Matos,2023-08-02 07:30:18.0825050,2023-07-05 23:32:40.9727972
658b59e9-b19a-437a-aba0-5da7496709ef,0,,32,631.41785000000027,606.7497860000002,26.4998,26.94895,0,,,2023-04-17 00:00:00.0000000,That palm guy,2024-08-12 20:24:48.5789228,2023-05-23 03:47:22.7883382
65beb60e-5f15-4f49-82e0-0c50e779d9b2,0,,16,6068.8915999999999,2850.2939999999999,26.030148000000001,26.030148000000001,0,,,2022-05-21 00:00:00.0000000,Kona,2023-07-23 18:05:49.1602793,2023-07-03 23:19:00.6362043
694a67a2-4755-4701-80b3-fbad243c6484,0,,179,3788.7177999999999,1334.8556000000001,27.964494999999999,27.964494999999999,0,,,2023-10-22 00:00:00.0000000,Yamil Matos,2024-04-26 21:23:57.3960555,2023-10-22 19:31:34.2556608
6a530e9b-d691-4506-a403-cc0458048c12,0,,48,3600.5365143472891,816.53139246974308,15.554848,17.442169413122492,0,,,2023-02-04 00:00:00.0000000,,2023-10-25 01:05:42.4490573,2023-07-06 23:22:59.5014568
6ad35667-fb06-4dc1-98c4-c65d494ff303,0,,168,985.48625593975078,4032.8389384778989,26.685993,26.685993,0,,,2023-10-19 00:00:00.0000000,Plant Group Hawaii,2023-10-25 01:32:36.7444308,2023-10-21 17:59:39.3581382
6b9535cf-9ac5-4de2-a1de-e133cef6db0c,0,,117,7814.4269231755316,5702.9039307490739,17.374400000000001,16.381577,0,,,2023-04-23 00:00:00.0000000,Yamil Matos,2023-08-02 07:30:15.2359842,2023-07-05 23:25:34.2443907
6d4f26e8-0950-4417-97e9-05ef02446d35,0,,5,4760.0466467531087,1999.6117062266815,21.110009999999999,20.66086,0,,,2022-11-13 00:00:00.0000000,Yamil Matos,2024-08-12 20:27:33.2950712,2023-07-05 02:55:39.6102747
6d53375f-9493-4dfb-ae92-8cc55e528cab,0,,145,4500.8288150663684,1702.0848945404964,19.202641761991799,18.653994854507118,0,,,2022-11-01 00:00:00.0000000,Gift,2023-07-06 22:26:54.5096848,2023-07-06 22:26:52.1889635
6f64a71c-8f95-4097-aee6-ffd4d3b59579,0,,16,4575.8967119555018,1761.4114087584144,51.033360190349484,51.033360190349484,0,,,2022-03-26 00:00:00.0000000,Kona,2024-08-12 20:27:58.3497149,2023-05-01 00:06:41.2493007
70de016a-5814-485f-abfa-d56e7032e0d3,0,,130,3582.8280888376075,779.055089511039,19.108040659487344,18.988393960714916,0,,,2024-06-16 00:00:00.0000000,,2024-06-29 07:36:00.5991574,2024-06-29 07:28:51.2393349
7145fb68-4893-413a-bca4-4f44cf5eda0c,0,,155,7130.6375592926943,3856.3389325717008,22.806168,23.683326999999998,0,,,2024-01-18 00:00:00.0000000,Home Depot,2024-01-19 06:42:03.8420739,2024-01-19 06:32:29.0651575
722399a7-0a95-4f22-9473-e17c94cb9edb,0,,34,605.69629999999995,675.02480000000003,32.744464999999998,32.138083999999999,0,,,2023-04-28 00:00:00.0000000,Plant Group Hawaii,2023-05-31 00:04:22.1439501,2023-05-23 03:57:42.6117031
72328b17-eef0-4b91-ab9a-dde9a7aa6785,0,,142,2660.1206920960954,372.59148321045507,41.697164968898051,35.113402079071875,0,,,2021-01-01 00:00:00.0000000,The Farm,2023-07-06 22:02:34.3952345,2023-07-06 22:02:32.0077347
73260476-5b80-4c21-8548-5fdeaae2fcca,0,,16,5412.2150000000001,2382.6642999999999,26.22268,26.22268,0,,,2022-04-23 00:00:00.0000000,Kona,2023-07-06 23:05:16.6283006,2023-07-03 23:18:19.8888027
736fd456-a3d5-4c9a-8b63-c86ba3b71990,0,,145,4044.9032999999999,1435.9910999999997,23.04317,20.848583000000001,0,,,2023-05-01 00:00:00.0000000,Gift,2023-10-21 18:32:18.0841482,2023-07-06 22:26:59.6426367
759ec1f5-0355-44fb-8f5c-07f0e31f50fd,0,,16,5973.1513999999997,2783.9087,32.397620000000003,32.397620000000003,0,,,2022-05-21 00:00:00.0000000,Kona,2023-07-23 18:05:13.3138034,2023-07-03 23:18:54.4976629
765b73eb-225f-4188-bb5c-6beccac96f02,0,Red Gin,16,1927.7778910579075,294.45263735880917,41.272509999999997,41.984107999999999,0,,,2022-09-03 00:00:00.0000000,Kona,2023-07-06 23:26:17.9913927,2023-04-30 23:43:02.4549044
77b72735-9488-49e5-9665-64baba79a1cd,0,,66,5070.6633251793392,2311.1437806915369,36.759341999999997,34.564754000000001,0,,,2023-04-14 00:00:00.0000000,Plant Group Hawaii,2023-10-24 01:19:12.8154146,2023-07-05 03:51:15.4771823
7845208a-090f-430d-99e5-92c065be0129,0,,227,6304.9999978326778,3631.5548722688395,20.773062186246534,20.773062186246079,0,,,2024-09-09 00:00:00.0000000,Andy Plantman,2024-09-10 23:03:05.7230776,2024-09-10 23:02:56.9316095
7845c78f-2188-4c86-a707-c8006d1b122d,0,,142,4465.8921420456745,2001.9791222481988,18.105349,18.231812000000001,0,,,2022-11-02 00:00:00.0000000,The Farm,2024-08-12 20:29:25.1196956,2023-07-06 22:23:36.3838894
791cfe67-95ea-4ef1-ad67-bf3b0c41cc15,0,,137,6468.1923999999999,3138.8991999999998,22.494523999999998,21.39723,0,,,2023-04-14 00:00:00.0000000,Plant Group Hawaii,2023-07-23 18:06:11.9323173,2023-07-06 05:15:11.5262828
7a04d12d-a78d-42b5-b665-f148bbd6a120,0,,48,3689.9559080660229,988.1369880794465,17.067667647183043,17.965965944403024,0,,,2023-03-11 00:00:00.0000000,Garden Exchange,2023-07-06 23:22:37.4760376,2023-05-28 04:46:18.6441473
7a975c39-2246-470a-af73-2a3237ad2961,0,,72,4233.1580000000004,1448.5795000000001,37.856636000000002,36.759341999999997,0,,,2022-04-16 00:00:00.0000000,Panaewa Zoo Plant Sale,2023-07-05 02:08:52.0020035,2023-07-05 02:03:19.7483284
7abdeb3e-964f-4550-ab61-e149ce68cc57,0,,185,4331.4967608476427,1619.9013687934462,18.160846040181241,17.863127252637241,0,,,2023-10-27 00:00:00.0000000,Aloha Tropicals,2023-10-28 06:44:10.2698689,2023-10-28 06:41:01.9651011
7ce7ff19-2e12-4ca9-b564-eede643bf9b1,0,,16,8424.8070000000007,7690.8909999999996,19.120163000000002,18.384771000000001,0,,,2023-01-14 00:00:00.0000000,Kona,2023-07-23 18:10:36.5054197,2023-07-06 03:38:36.8185549
7d0d1cf2-eac7-4b59-a305-d24ea1d71b1b,0,,144,5092.3306748472323,2176.6906924725031,36.382736691671198,32.744463022504078,0,,,2022-03-20 00:00:00.0000000,Kona,2023-07-06 22:21:03.9125810,2023-07-06 22:19:42.1000091
7d6aee02-f03f-44bf-a158-02fab352b835,0,,138,6353.2588322898173,3050.2488564906771,20.848583000000001,19.202642000000001,0,,,2023-04-14 00:00:00.0000000,Plant Group Hawaii,2023-10-24 01:32:41.7979439,2023-07-06 05:18:01.3289218
7e0f4a52-9402-45ce-aeec-95c1ebf429da,0,,183,3579.050312912354,862.07962370434961,19.075421111568176,21.563519517424993,0,,,,,2023-10-25 01:06:40.4576936,2023-10-25 01:06:39.0324874
7e374ef9-068f-465e-8443-083e7ffc4a20,0,,101,6277.2494999999999,3099.6482000000001,21.848027490442696,22.530780340910372,0,,,2023-06-09 00:00:00.0000000,Plant Group Hawaii,2023-10-21 18:35:06.8908962,2023-07-05 19:35:47.7929927
8029dae4-ae69-439b-b46f-3408b17e54dc,0,,113,6317.9214388426917,3589.777290907482,23.648779000000001,23.648779000000001,0,,,2023-01-21 00:00:00.0000000,Yamil Matos,2024-08-14 06:27:14.7008354,2023-07-05 23:04:22.9813271
802eebcf-4724-4f7e-aa73-57381fdcd552,0,,16,10070.331885733156,8955.1986165417493,19.120163000000002,18.384771000000001,0,,,2022-09-17 00:00:00.0000000,Kona,2024-08-14 06:29:58.1602616,2023-07-06 03:43:21.8748361
8059c954-77a3-4368-b6f3-17264124f9c0,0,,16,4828.8680000000004,1919.8126999999999,29.299607999999999,29.299607999999999,0,,,2022-03-26 00:00:00.0000000,Kona,2023-07-06 23:04:29.9503526,2023-07-03 23:18:04.2223718
814e28e6-b020-42d9-a59e-598378fa7c72,0,,132,7355.0559999999996,4405.2280000000001,22.457457000000002,24.254052999999999,0,,,2023-02-12 00:00:00.0000000,Yamil Matos,2023-07-23 18:07:12.4181856,2023-07-06 04:45:44.4991271
82d3ebf5-a339-4c62-aa4a-1ae47ac37811,0,,13,3669.7339999999999,1102.6139000000001,21.768808237314939,21.768433356733691,0,,,2022-03-19 00:00:00.0000000,Kona,2023-07-06 23:01:52.4555252,2023-05-23 04:10:37.1305929
8315a456-ccc3-46d1-a0bf-8c0468705254,0,,135,7081.192,3907.3989999999999,19.100172000000001,18.693784999999998,0,,,2022-11-11 00:00:00.0000000,Yamil Matos,2023-07-23 18:06:50.8490842,2023-07-06 05:05:45.0133935
836fc0c2-780e-46d7-b9dc-4540102ba9a4,0,,165,6444.9347564820091,4034.2585613265123,28.970569540198994,28.970569540198539,0,,,2023-09-29 00:00:00.0000000,Big Island Nurserymen Plant Sale,2023-10-21 19:06:12.1808835,2023-10-21 18:40:18.4318582
83c56bce-36df-4e97-afd9-adcdaa5dfdc3,0,,187,4142.6187,1642.3523,27.527788000000001,27.527788000000001,0,,,2023-11-24 00:00:00.0000000,Plant Group Hawaii,2024-05-19 08:14:18.6695551,2023-12-18 00:09:33.0282298
8469cfa8-b69b-4e5f-a779-017bd996f34f,0,,199,3806.7950020741855,1261.0492031915815,16.169176,16.169176,0,,,2024-04-20 00:00:00.0000000,Andy Plantman,2024-06-29 07:11:29.2812523,2024-04-20 23:13:23.5136116
8469e5b9-fa2b-4f9b-91e1-8289ad8fa48c,0,,13,2074.4429999999998,428.85921999999999,40.898795999999997,37.645479999999999,0,,,2022-11-05 00:00:00.0000000,Big Island Nurserymen Plant Sale,2024-09-23 20:22:57.3349627,2023-05-01 00:10:42.8017300
84edc049-ce05-4f19-a0f7-70dacd620c7e,0,,116,7656.8306000000002,5331.1729999999998,20.299935999999999,19.202642000000001,0,,,2022-11-12 00:00:00.0000000,Gift,2024-08-12 05:04:21.9618389,2023-07-05 23:18:53.9889194
85f00e61-ce7e-4c40-808a-c36bd618b4bf,0,,197,7633.9354999999996,5250.7740000000003,21.569179999999999,21.569179999999999,0,,,2024-04-20 00:00:00.0000000,Big Island Nurserymen Plant Sale,2024-08-12 05:04:31.7899976,2024-04-20 22:42:27.7785092
88e8d660-3a58-486e-b7c1-b3ea41ca3bcf,0,,124,7885.9740000000002,5987.6009999999997,20.240722999999999,19.341135000000001,0,,,2023-04-14 00:00:00.0000000,Plant Group Hawaii,2024-09-23 20:30:18.9905062,2023-07-06 03:26:30.8532721
89a7fe33-e849-4831-a7b9-59bf95c8fa75,0,,111,7015.6809999999996,3657.8078999999998,25.786405999999999,25.786405999999999,0,,,2021-01-01 00:00:00.0000000,The farm,2023-07-23 18:06:39.0525416,2023-07-06 04:51:03.5906796
8ad4274f-5a82-4f53-ac01-ec82b4f379aa,0,,153,5237.2560000000003,2293.5783999999999,20.62114,19.975982999999999,0,,,2023-06-09 00:00:00.0000000,Plant Group Hawaii,2024-02-19 04:53:27.2119136,2023-07-24 04:17:10.4246781
8beb2bc2-1d9c-47ad-ab54-eadf3528bf26,0,,13,2234.3271,446.13898,40.898795999999997,37.645479999999999,0,,,2022-11-05 00:00:00.0000000,Big Island Nurserymen Plant Sale,2024-09-23 20:22:44.5209888,2023-05-01 00:13:05.9491707
8c14a42d-fe31-41b5-9d7e-b7216dcb441a,0,,98,6214.7515000000003,3027.4475000000002,24.559464999999999,23.740815999999999,0,,,2023-01-21 00:00:00.0000000,Yamil Matos,2023-07-23 18:05:59.6203147,2023-07-05 17:47:18.0768840
8c28e356-0aca-4bfd-8bbe-f363fcf7d3a1,0,,130,7866.8739111884424,5861.7098437799614,22.039179236724472,23.006398636445937,16.10168896214121,,,2024-06-16 00:00:00.0000000,Garden Exchange,2024-06-29 07:35:31.0226711,2023-07-06 04:16:24.3066018
8c5c0938-f486-4a5f-86c7-b65b08c754d5,0,,211,4536.4319235357952,1871.37649275693,18.803394000000001,18.803394000000001,0,,,2024-06-15 00:00:00.0000000,Plant Group Hawaii,2024-09-10 23:04:58.7774114,2024-06-18 08:12:45.5814352
8cc93e07-3c95-4349-bd0c-6dc0c984c40e,0,,216,10074.619179627942,9004.8962135082329,19.762561999999999,19.762561999999999,0,,,2024-08-12 00:00:00.0000000,Yamil Matos,2024-08-14 06:29:54.8651955,2024-08-12 20:53:04.3007753
8d2c2116-61d2-428a-8460-4ca8a4fab7b4,0,,198,4529.6387789882328,1828.0136823056416,22.37903,22.37903,0,,,2024-04-20 00:00:00.0000000,Andy Plantman,2024-08-12 20:29:05.4478814,2024-04-20 23:10:58.2153538
8dff06b1-6d7a-4333-8d4a-67ef234b32cb,0,,80,4874.6639999999998,2071.6196,21.829640999999999,21.829640999999999,0,,,2022-11-11 00:00:00.0000000,Yamil Matos,2023-07-23 18:04:16.8910699,2023-07-05 03:01:24.2936797
8e08fe05-38d2-4588-afa3-70de27962804,0,,64,759.91679999999997,3585.5889000000002,28.820910999999999,31.703001,0,,,2023-04-15 00:00:00.0000000,Plant Group Hawaii,2023-07-30 21:18:40.5440508,2023-06-06 20:01:38.6777453
8fa8013d-134e-4ed6-bb3d-dc3d51757b62,0,,230,1621.110567781604,500.16713329241281,24.720826326541768,24.094439774358989,0,,,,,2024-09-24 06:55:59.8112986,2024-09-24 06:55:50.8713825
90b4e20f-8b46-4e87-8b41-a58d351ebc99,0,,215,7480.7389895563674,4964.731326703074,28.499811000000001,28.499811000000001,0,,,2024-08-12 00:00:00.0000000,Yamil Matos,2024-08-14 06:26:56.2214428,2024-08-12 20:56:31.2888133
92567dec-103c-45d1-88bc-e15f3313fe93,0,,56,474.62036000000001,1412.4739999999999,30.919277000000001,29.752514000000001,0,,,2023-01-21 00:00:00.0000000,Yamil Matos,2023-12-27 05:44:24.6999557,2023-06-01 00:22:16.5409235
92ea43ec-3f7e-42ea-a07b-c150d6d43173,0,,124,6791.8940000000002,3462.6010000000001,30.724226000000002,28.529637999999998,0,,,2023-01-23 00:00:00.0000000,Yamil Matos,2023-07-23 18:06:26.9206389,2023-07-06 05:06:40.8948465
9347e50c-a58b-47cf-a31a-532d501463d0,0,,106,7004.509,4137.3710000000001,32,34,0,,,2023-04-28 00:00:00.0000000,Plant Group Hawaii,2023-07-23 18:06:55.5571488,2023-07-05 22:17:13.4873172
938bbd6a-8c5c-43ab-a1e1-5d5906b1c4d6,0,,58,487.83391999999998,1982.0304000000001,46.213172999999998,46.213172999999998,0,,,2023-01-22 00:00:00.0000000,Yamil Matos,2023-07-30 21:19:34.7865038,2023-06-01 00:21:36.3750669
946f2e64-9370-4d34-915a-fa9a4a92c32d,0,,39,2633.5729186867966,451.65353692783162,25.710350193852719,27.369082464424025,0,,,,,2023-10-25 01:12:05.9956153,2023-10-25 01:12:03.1326198
950dd960-eb01-46ff-9c68-de51d06ba26c,0,,68,719.15899999999999,2920.4607000000001,28.953347999999998,28.953347999999998,0,,,2023-02-10 00:00:00.0000000,Yamil Matos,2023-07-30 21:19:20.9814479,2023-07-05 01:14:10.1523734
95c06c6d-b813-42dd-abb3-41ecdf55f6c7,0,,36,1898.2097000000001,535.37896999999998,26.104790000000001,26.104340000000001,0,,,2023-04-28 00:00:00.0000000,Plant Group Hawaii,2023-05-31 00:05:01.1268180,2023-05-23 04:19:46.8179312
9612c1a8-f043-4e7c-a0c8-561b96f7b50e,0,,118,7838.7509331755318,5814.0996407490738,22.834924999999998,22.834924999999998,0,,,2023-01-21 00:00:00.0000000,Yamil Matos,2023-08-02 07:30:16.5257912,2023-07-05 23:29:41.6232373
961c3673-8893-4301-b494-48bca2871413,0,,16,5492.6887215954948,2416.1463510376316,26.03014696,26.03014696,0,,,2022-04-23 00:00:00.0000000,Kona,2023-07-06 23:05:24.3594391,2023-07-03 23:18:44.2010171
961f22d6-6051-4604-b235-316fe3d9c02e,0,,60,532.29459762323324,3198.6207217665719,24.126691999999998,25.467064000000001,0,,,2023-01-13 00:00:00.0000000,Yamil Matos,2024-06-29 07:44:01.6660802,2023-07-05 01:20:48.5942115
9755cb52-4799-4efd-b9df-429e3f146c1e,0,,112,3783.3990979754135,1118.5218087322005,23.648778849586506,21.829642015002719,0,,,2023-05-06 00:00:00.0000000,Hawaii Farm-to-Car,2023-07-06 23:43:00.1713302,2023-07-05 22:59:12.1058490
9771c409-5a66-4371-af2c-295608784bdd,0,,16,5575.075175159639,2455.0400778487278,26.22268,26.22268,0,,,2022-04-23 00:00:00.0000000,Kona,2023-07-06 23:05:32.7826672,2023-07-05 05:32:02.9921904
982ec70a-e65c-41ec-9c44-423b312ba54b,0,,3,2287.5839999999998,318.87959999999998,39.062095999999997,37.201996000000001,0,,,2022-11-05 00:00:00.0000000,The farm,2023-06-06 22:47:47.3553289,2023-05-01 00:07:07.4014598
98b6b310-1bfc-42d6-8125-84c1ed0c5f24,0,,131,6516.5500000000002,3341.1255000000001,27.799040000000002,28.791861999999998,0,,,2023-06-23 00:00:00.0000000,Plant Group Hawaii,2023-07-23 18:06:23.4703087,2023-07-06 04:24:30.0548907
98c99592-6dbd-457c-a988-b2886b6b9376,0,,171,1435.9683,507.22107,32.345280000000002,30.686546,0,,,2023-10-08 00:00:00.0000000,Ili Kupono Gardens,2024-09-23 20:21:59.0111496,2023-10-25 01:16:43.1222880
9931100a-4252-4d41-8010-22414a1371cf,0,,3,2463.3499999999999,338.25405999999998,39.062095999999997,37.201996000000001,0,,,2022-11-05 00:00:00.0000000,The farm,2023-07-06 23:31:38.3992151,2023-05-01 00:07:12.4832107
99c065b2-86d9-4196-a0e5-ebeb7d1d6023,0,,139,6175.8258209450059,2908.8502209450062,21.945876999999999,20.848583000000001,0,,,2023-02-13 00:00:00.0000000,Yamil Matos,2024-01-06 22:17:21.5010366,2023-07-06 05:21:18.2044313
9aad7a6d-d353-4285-873e-98fc14a1896a,0,,6,1653.5612122162879,4178.0607565174669,28.166515,28.166515,0,,,2023-10-19 00:00:00.0000000,Panaewa Zoo Plant Sale,2023-10-25 01:32:10.0959502,2023-10-21 18:07:29.5199226
9ac0a035-59e7-4c20-a89c-d79f0dffdf6f,0,,16,1680.4900809190408,338.97000130893957,28.699139860886817,25.834367042368854,0,,,2022-09-03 00:00:00.0000000,Kona,2023-07-06 23:26:33.9621203,2023-07-03 23:14:05.0613124
9d3b110e-bf36-4791-8639-8bef1d87b87e,0,,221,1439.677388420944,563.27952198727087,19.993960851608108,19.993960851608108,0,,,2024-09-09 00:00:00.0000000,Andy Plantman,2024-09-10 23:08:00.5288162,2024-09-10 23:07:52.9300924
9eba488e-ff9c-404f-b4ff-232d2c699130,0,,195,6432.4449999999997,3100.444,17.355191999999999,18.078325,0,,,2023-03-17 00:00:00.0000000,Plant Group Hawaii,2024-02-19 08:14:25.2914400,2023-10-24 01:34:43.4306149
9f2482f5-affc-4446-981b-b3f3cdcfa3e1,0,,16,9718.5935739936704,8740.8513815550759,19.120162088089273,18.384771238548637,0,,,2022-09-17 00:00:00.0000000,Kona,2023-07-06 23:14:05.6560682,2023-07-06 03:42:50.6218192
a07af476-05b3-47a8-b35f-a1bc120f02ee,0,,38,3671.0315000000001,1014.35724,85.499430000000004,49.723072000000002,29.545868755734922,,,2022-06-05 00:00:00.0000000,Gift,2023-07-23 18:03:23.3391006,2023-05-23 04:39:37.1926150
a0d2a44a-656c-48bc-926d-5f0a88ab4823,0,,45,629.34630000000004,2620.6934000000001,34.813229999999997,37.035350000000001,0,,,2023-05-26 00:00:00.0000000,Plant Group Hawaii,2023-05-31 00:18:17.4694743,2023-05-27 06:43:20.0030829
a1926525-9afd-43a2-a7d1-9e500cea6985,0,,210,7577.0689749452013,5020.7639062387689,16.086833357199794,16.086833357199794,0,,,2024-06-15 00:00:00.0000000,Garden Exchange,2024-06-18 08:20:09.4684420,2024-06-18 08:19:51.3925660
a43be3f2-b3f8-4ba8-8206-63ce0c099950,0,Jaq,17,2116.4745265555293,527.40201185005537,39.474845999999999,36.244230000000002,0,,,2022-11-06 00:00:00.0000000,Yamil Matos,2024-08-12 05:16:39.1592777,2023-05-01 00:25:13.9683754
a4fb22dd-69f3-46c9-9e48-6d8420a33947,0,,156,7753.1880000000001,5679.8813,21.537656999999999,21.537656999999999,0,,,2023-04-30 00:00:00.0000000,Aloha Tropicals,2024-09-23 20:34:08.8139481,2023-10-28 06:42:56.2743457
a5f847ce-b6d9-498b-ae5c-46a5eee822f4,0,,114,7670.6870000000008,5109.0270536200132,20.848583000000001,20.299935999999999,0,,,2022-11-15 00:00:00.0000000,Yamil Matos,2024-04-20 22:41:42.2466338,2023-07-05 23:11:29.8365204
a62bf1dc-9967-446d-98f9-bfe2b1eae9eb,0,,105,6537.5088048473763,4111.3710335947189,29.000000000000909,29,0,,,2023-01-16 00:00:00.0000000,Yamil Matos,2023-07-05 22:14:52.6375060,2023-07-05 22:14:15.7482552
a66bc463-53c7-44ef-9beb-1d88d33d071b,0,,112,2094.1100909127667,384.75827484781871,24.443332061151523,25.18403909330749,0,,,2023-05-06 00:00:00.0000000,Hawaii Farm-to-Car,2023-07-06 23:42:24.6722185,2023-07-06 23:34:39.3646328
a67b82bb-2d53-4b04-a65a-801fac0e8f20,0,,112,8480.5290000000005,7740.0159999999996,16.546292999999999,17.281685,0,,,2023-05-06 00:00:00.0000000,Hawaii Farm-to-Car,2023-07-23 18:10:37.5092453,2023-07-06 03:40:21.3383720
a77bc8eb-c3a0-4b3d-a3a6-7a2b3f63d043,0,,40,712.20759999999996,3697.7950000000001,32.839108000000003,33.509295999999999,0,,,2023-05-26 00:00:00.0000000,Plant Group Hawaii,2023-07-30 21:18:38.9511360,2023-05-27 06:45:35.8859138
a8024e99-c14e-456b-b543-2695284e3eee,0,,22,1982.2040916417452,4326.2692761624739,26.992909999999998,30.513725000000001,0,,,2023-10-19 00:00:00.0000000,Dean Tahara,2023-10-25 01:31:58.5134149,2023-10-21 18:07:59.8891614
a9c314cb-6e84-46ba-813c-7c98d8a4c42a,0,,16,5387.0308420497704,2342.2321444196073,20.616884125281103,22.436020959863981,0,,,2022-04-23 00:00:00.0000000,Kona,2023-07-06 23:05:08.6333615,2023-07-06 22:14:23.9127796
a9ee440d-f281-42ac-9be1-16b67b26d65e,0,,107,7073.509,4261.3710000000001,30,30,0,,,2023-05-12 00:00:00.0000000,Plant Group Hawaii,2023-07-23 18:06:57.8394462,2023-07-05 22:22:31.6560027
ab9c18ac-17b6-470a-9767-cc0696d6ad24,0,,162,5031.7362999999996,2085.8883999999998,14.46266,14.46266,0,,,2023-09-02 00:00:00.0000000,Big Island Nurserymen Plant Sale,2024-09-23 20:48:27.8454482,2023-10-24 01:17:57.8968187
abc036bf-4f32-4301-8eeb-8ea40003da2b,0,,151,5135.7610000000004,2231.7139999999999,22.554369999999999,21.587755000000001,0,,,2023-06-09 00:00:00.0000000,Plant Group Hawaii,2024-02-19 04:53:37.6650360,2023-07-24 04:15:51.4165071
ac0bc4f2-b5a4-4138-bd21-f193fd5cbd5d,0,,16,9841.203619117483,8779.0736788341947,19.120162088089273,18.384771238548637,0,,,2022-09-17 00:00:00.0000000,Kona,2023-07-06 23:14:13.2262223,2023-07-06 03:43:05.4981221
ac66a280-71ca-407d-9c8e-c120ead02c81,0,,93,5598.7139999999999,2618.9065000000001,17.632459999999998,19.2959,0,,,2023-05-12 00:00:00.0000000,Plant Group Hawaii,2023-07-23 18:04:45.2234692,2023-07-05 17:25:12.6187757
ada05117-eb52-4f05-bb4b-d43af87420cf,0,,141,2572.7999340752967,360.73819542874429,42.220300832897919,34.072523479180632,0,,,2021-01-01 00:00:00.0000000,Gift,2023-07-06 21:59:38.6310417,2023-07-06 21:59:36.8852870
aecd8f50-8e49-4089-977d-80aa35fa882e,0,,172,8958.0290000000005,8252.2520000000004,25.175702999999999,26.182729999999999,0,,,2022-10-18 00:00:00.0000000,That palm guy,2024-09-23 20:17:40.6447090,2023-10-21 18:21:53.0391144
aef192ad-5306-449d-a30e-f26edb84dff1,0,,16,8346.1190000000006,7561.8325000000004,19.120163000000002,18.384771000000001,0,,,2023-01-14 00:00:00.0000000,Kona,2023-07-23 18:10:34.1586156,2023-07-06 03:38:33.0132494
af81c8dd-32c1-4cb0-8f7a-4ff9bc5ba052,0,,48,3572.1525717364475,734.22178390803458,18.864263999999999,17.965965000000001,0,,,2023-03-11 00:00:00.0000000,Garden Exchange,2023-10-25 01:07:36.0064548,2023-05-28 04:46:31.6517022
afad0675-12e4-44a8-8711-93b65944e24a,0,,16,9018.6470000000008,8293.5840000000007,19.120163000000002,18.384771000000001,0,,,2022-10-22 00:00:00.0000000,Kona,2023-07-23 18:10:50.5058622,2023-07-06 03:42:00.2330869
afb0181d-c6cd-402c-bc4f-71749e1d27e1,0,Asshole   ,3,1908.4906895915244,373.3610863308329,29.185770000000002,27.795970000000001,0,,,2022-11-05 00:00:00.0000000,The farm,2023-07-06 23:38:45.0672888,2023-02-18 04:09:23.9016022
afd90583-8deb-42dd-8dfb-d8f648d25cf1,0,,109,7413.3400249544511,4662.5055407801019,28.731770999999998,28.189662999999999,0,,,2023-01-18 00:00:00.0000000,Yamil Matos,2023-08-02 07:26:04.4969142,2023-07-05 22:35:50.8625301
b0d6cac5-ed61-49d8-8ee6-e9de8ccea8df,0,,112,8624.2986845133146,7929.0114003066665,15.443207840380637,17.281684964234955,0,,,2023-05-06 00:00:00.0000000,Hawaii Farm-to-Car,2023-07-06 23:44:57.4781122,2023-07-06 03:40:24.9198084
b14fc192-7207-4824-9ccf-5c641bbc3cca,0,,16,9405.8499708142008,8578.5251957607088,19.120162088089273,18.384771238548637,0,,,2022-09-17 00:00:00.0000000,Kona,2023-07-06 23:13:45.1370956,2023-07-06 03:42:23.4160172
b1613a0a-ae94-43fe-8cda-ee17ddca6238,0,,112,6132.4204,2868.9650000000001,24.140464999999999,23.591818,0,,,2023-05-06 00:00:00.0000000,Hawaii Farm-to-Car,2023-07-23 18:05:49.9950267,2023-07-06 05:22:53.7089929
b178d92b-dc7e-4a28-9f44-9714113f370e,0,,169,706.33768012870064,3994.3914487834954,27.368202506951206,28.128430354366628,0,,,2023-09-30 00:00:00.0000000,Panaewa Zoo Plant Sale,2023-10-21 18:59:43.9914829,2023-10-21 17:57:36.0625789
b371a72d-7227-476d-8230-0719d24d31be,0,,190,4388.9182944485801,1571.5173743463668,12.692836689267097,13.360880725543893,0,,,2024-01-06 00:00:00.0000000,Plant Group Hawaii,2024-01-06 22:12:04.0011960,2024-01-06 22:11:51.2060816
b3d28afb-905c-4a19-bfdc-e81b0d394622,0,,13,3705.0585999999998,1150.7213999999999,22.374787999999999,21.995176000000001,0,,,2022-03-19 00:00:00.0000000,Kona,2023-07-06 23:02:00.5667938,2023-05-23 04:10:24.3767776
b3e6d876-5436-4d00-b84d-8fa48c749817,0,,16,4300.0420000000004,1533.1812,32.370167000000002,32.370167000000002,0,,,2022-03-26 00:00:00.0000000,Kona,2023-07-23 18:03:54.1193496,2023-05-23 04:04:19.1065084
b563b7df-24fb-4872-a560-a63301b77171,0,,16,2023.9861479410411,285.7043462581675,41.272509999999997,41.984107999999999,0,,,2022-09-03 00:00:00.0000000,Kona,2023-07-06 23:26:11.1635379,2023-05-01 00:12:02.2981233
b596eca9-df79-4785-9a30-49c053015f4f,0,,49,3840.2637,1121.3231000000001,18.384771000000001,18.752465999999998,0,,,2022-11-05 00:00:00.0000000,Jeff & Lani,2023-07-05 01:58:59.5938197,2023-05-30 23:30:44.7859897
b6032775-bd5f-4397-87d7-8cdf512240ac,0,,31,406.49024463625108,1658.2624288870275,37.809061363748981,36.758811112972403,0,,,2023-05-05 00:00:00.0000000,The Green Escape (Etsy),2024-06-29 07:47:36.7527390,2023-05-31 22:37:07.5179247
b65a686a-730e-4d6f-af30-4a686919e1ed,0,,116,7694.6876231755305,5335.562150749075,17.556702000000001,18.653995999999999,0,,,2022-11-12 00:00:00.0000000,Gift,2023-08-02 07:30:01.1105668,2023-07-05 23:19:00.7289090
b6afda0d-32a5-413c-98d2-c8cb25363368,0,,143,2026.6741170776193,359.25057480634484,47.049191649912927,44.334815208571911,0,,,2021-01-01 00:00:00.0000000,The farm,2023-07-06 22:03:49.4701837,2023-07-06 22:03:48.6149294
b7a1ace7-1d5f-4333-8ae2-40d36542b49f,0,Xanthy,22,2673.1545000000001,620.87603999999999,33.292755,33.966279999999998,3.6890292141250067,,,2023-04-21 00:00:00.0000000,Plant Group Hawaii,2024-05-19 08:13:40.3538623,2023-02-16 23:33:53.0233834
b8263ae3-9e33-4b2a-8549-0e230113e4a2,0,,148,7862.9556000000002,6667.4755999999998,29.471357000000001,27.015411,0,,,2023-07-14 00:00:00.0000000,Plant Group Hawaii,2023-07-23 18:10:23.3806957,2023-07-14 17:33:25.4889853
b850405e-8c59-499e-a367-d76282f2834e,0,,32,608.57056000000023,526.75888400000019,25.601500999999999,24.254052999999999,0,,,2023-04-17 00:00:00.0000000,That palm guy,2024-08-12 20:24:54.0181237,2023-05-23 03:47:19.4351842
b8b037cb-16f9-4e0a-bd99-0e6b1fe63c95,0,,69,3295.8438000000001,747.9325,21.44595,20.775763000000001,0,,,2022-11-14 00:00:00.0000000,Yamil Matos,2023-07-23 18:03:15.6725845,2023-07-05 01:48:59.3692863
b8d246e5-59e3-4c47-b51d-f673053342c6,0,,71,4130.0123462971305,1448.57945534331,21.397229391934161,21.945876299419979,0,,,2023-01-07 00:00:00.0000000,Pahoa Nursery,2023-07-05 02:03:06.8174852,2023-07-05 02:02:27.5399539
b9d1658e-6b95-46a8-94dd-eeded2e259df,0,,3,1729.2764999999999,376.41833000000003,29.296572000000001,27.901496999999999,0,,,2022-11-05 00:00:00.0000000,The farm,2023-07-06 23:38:40.5216146,2023-05-01 00:07:35.0195653
ba4d7b8c-d563-42f7-8c0b-92d58e4cf722,0,,158,3601.9301999999998,876.26116999999999,29.031580000000002,30.192841999999999,0,,,2023-09-14 00:00:00.0000000,Big Island Nurserymen Plant Sale,2024-02-19 04:04:29.7476279,2023-09-17 19:42:14.7050403
baac4025-0a64-44d1-be20-bce88be97875,0,,112,7599.1411953869565,5040.5128949655818,19.202642000000001,19.751290000000001,0,,,2023-05-06 00:00:00.0000000,Hawaii Farm-to-Car,2023-08-02 07:28:03.0847891,2023-07-05 22:58:11.9284542
bc55a281-0ab6-4605-a4b2-aab5910df4aa,0,,78,4624.7334438063226,1835.5281907226081,29.947165371683855,29.412396676340894,0,,,2022-04-04 00:00:00.0000000,Gift,2024-08-12 20:28:11.8210040,2023-07-05 02:41:47.0619743
bcdb5a9c-12f4-497d-a56c-eb095f619ea8,0,,92,5483.7915000000003,2571.5063,33.827979999999997,33.827979999999997,0,,,2022-11-11 00:00:00.0000000,Yamil Matos,2023-07-23 18:04:43.1339251,2023-07-05 17:22:37.8881849
bf13f7f5-f288-4256-bf76-466fbef2d7d3,0,,100,6424.3203000000003,3220.9875000000002,24.443332999999999,27.40616,0,,,2023-04-28 00:00:00.0000000,Plant Group Hawaii,2023-07-23 18:06:09.0214156,2023-07-05 17:53:54.6758151
bfc001a7-92c7-4c55-8c0f-99ba4f5a090a,0,Fox palm 2,13,1895.423431701802,441.73431055138826,40.617153000000002,37.386242000000003,0,,,2022-11-05 00:00:00.0000000,Big Island Nurserymen Plant Sale,2023-07-06 23:29:33.3370877,2023-02-18 04:00:24.8721954
c00d4fc3-2554-4305-ab0c-69b3910b1da1,0,,230,4195.0823143630905,1554.8805130117282,20.691102506651077,20.69110250665085,0,,,2024-09-24 00:00:00.0000000,Karen Piercy,2024-09-24 06:58:20.0271106,2024-09-24 06:57:50.3966757
c066ace6-4c89-41d6-bab0-e444de97359b,0,,78,5283.8665461473984,2313.7103779921117,23.591817021876523,25.237757744333067,0,,,2022-04-04 00:00:00.0000000,Gift,2023-07-05 02:43:57.9369655,2023-07-05 02:43:33.4391545
c0b06e22-2ca5-498e-aaa0-880b9eb9e6d1,0,,218,2574.7632586445425,4564.0291011812851,32,32,0,,,2024-08-12 00:00:00.0000000,Yamil Matos,2024-08-14 06:28:06.6089010,2024-08-12 20:46:42.1463121
c0b35c7a-d5ba-47ca-825c-4eef016b0d43,0,,151,8515.2070000000003,7781.4594999999999,18.312843000000001,18.312843000000001,0,,,2023-06-19 00:00:00.0000000,Plant Group Hawaii,2024-09-23 20:46:58.1816188,2023-10-25 00:47:31.0055191
c0d955ab-98a2-42b8-a70a-721a83a8eb83,0,,39,2157.3210362152035,400.51415330192526,29.296572000000001,27.901496999999999,0,,,2023-04-04 00:00:00.0000000,The farm,2023-07-03 23:13:04.4902438,2023-05-23 04:12:09.0171847
c245332f-a501-460e-b36e-d12e3ec5210f,0,,141,5318.2452952034182,2297.1822288660974,19.404126235557669,19.449318083427681,0,,,2022-11-02 00:00:00.0000000,Gift,2023-07-07 01:01:47.3793668,2023-07-06 21:58:29.7544941
c2620d6f-aeca-4d8f-8b56-ea92cf8931a8,0,,90,5317.2079999999996,2435.1912000000002,23.900202,24.267899,0,,,2022-11-11 00:00:00.0000000,Yamil Matos,2023-07-23 18:04:36.6318447,2023-07-05 17:14:55.9876803
c39ceb8c-f5cf-4fce-885e-ef19ff909f3b,0,,16,9525.4851214510963,8642.0658566798902,19.120162088089273,18.384771238548637,0,,,2022-09-17 00:00:00.0000000,Kona,2023-07-06 23:13:51.9495804,2023-07-06 03:42:36.9617925
c3c21fa1-a86e-490e-a1d1-01591c2d0ac6,0,,147,3554.9319609562672,795.42154256179856,21.81048796834251,23.093457341804495,0,,,2024-06-28 00:00:00.0000000,EHCA,2024-06-29 07:37:39.8756274,2024-06-29 07:36:52.4229009
c4dec8d3-1a8d-46fb-91c8-243ef54eb07d,0,,143,1215.0755611166196,527.54191416949527,178.24405298140118,35.286893737434752,0,,,2021-01-01 00:00:00.0000000,The farm,2023-07-06 22:45:08.0223687,2023-07-06 22:03:43.6874342
c6303005-7566-4fae-830a-d3fd081129c6,0,,217,7283.1346961081208,4457.823963697796,32.168922000000002,32.168922000000002,0,,,2024-08-12 00:00:00.0000000,Yamil Matos,2024-08-14 06:28:42.0852250,2024-08-12 20:49:53.5659651
c6b65f66-aeeb-438d-8b13-b095a3152e3e,0,,229,3702.7383,1879.3681999999999,29.728577000000001,29.728577000000001,0,,,2024-09-23 00:00:00.0000000,Karen Piercy,2024-09-24 16:24:51.8632463,2024-09-24 06:54:13.7466645
c6e9ecd7-4ee8-458c-abb0-ec7a467fd185,0,,201,4500.8792633741041,1794.6806405628906,21.31542,21.31542,0,,,2024-04-20 00:00:00.0000000,Andy Plantman,2024-08-12 20:29:04.5964743,2024-04-26 21:21:18.9140303
c94d08b0-3d2c-442e-8e9c-c127d20783c5,0,,141,3226.1035364369777,411.1062736153591,68.885753990517514,55.553027411707603,0,,,2021-01-01 00:00:00.0000000,Gift,2023-07-06 21:59:32.7702220,2023-07-06 21:59:31.4120069
c9b82c52-0cc8-4533-ab85-ca0e74117f29,0,,104,6785.3630000000003,3896.5749999999998,38.476494000000002,40.113791999999997,0,,,2023-05-05 00:00:00.0000000,Plant Group Hawaii,2023-07-23 18:06:41.2720160,2023-07-05 19:53:55.3313690
ca31602a-6cc0-4314-8f18-cac40f310ffc,0,,162,3353.1296000000002,462.06992000000002,20.395851,21.39077,0,,,2023-09-02 00:00:00.0000000,Big Island Nurserymen Plant Sale,2024-04-27 04:30:22.6649402,2023-10-07 23:23:05.9461755
ca61149d-97f8-48d5-8f87-b47f526b2ff7,0,,222,3610.8423559839671,1095.1803559959997,19.783629713118444,19.783629713118216,0,,,2024-09-09 00:00:00.0000000,Andy Plantman,2024-09-10 23:11:19.2221054,2024-09-10 23:11:10.0888716
caaf8a8f-3c7a-4dd8-8a9c-5c361ebc12ba,0,,125,8005.2255999999998,6554.2910000000002,16.642372000000002,16.642372000000002,0,,,2023-05-08 00:00:00.0000000,Home Depot,2023-07-06 03:54:09.8115220,2023-07-06 03:34:15.6290135
cd777a90-2724-4934-b08a-7c020f81d0b0,0,,16,3879.0524999999998,1122.0142000000001,32.370167000000002,32.370167000000002,0,,,2022-03-26 00:00:00.0000000,Kona,2023-07-23 18:03:31.4830028,2023-05-23 04:08:16.0009785
cdb60b2f-e2ce-41b7-84d2-4adf7ffe0bc7,0,,174,6713.567,5292.7309999999998,32.384030000000003,30.976026999999998,0,,,2023-06-17 00:00:00.0000000,Garden Exchange,2024-09-23 20:49:01.3526455,2023-10-21 18:43:59.1878574
ce367591-76f7-4eca-9fa0-e7824e0d2060,0,,141,7561.6418053869575,4913.0026949655821,53.767400000000002,92.721329999999995,0,,,2021-01-01 00:00:00.0000000,Gift,2023-08-02 07:27:51.6140875,2023-07-06 21:58:06.2509152
d0f3fe39-16b2-451d-8ba9-2cbbcd5cfef7,0,,140,5881.2734,2682.2910000000002,29.106190000000002,29.106190000000002,0,,,2022-11-15 00:00:00.0000000,Yamil Matos,2023-07-23 18:05:14.7777334,2023-07-06 05:28:02.3807362
d1c77fae-6c95-48c9-82ee-a45d7945c214,0,,39,2354.0982591995585,424.01574755209208,25.924746125463571,28.146867221931871,0,,,2023-04-04 00:00:00.0000000,The Farm,2023-07-06 23:33:39.1452756,2023-07-06 23:33:37.0420420
d28c531f-ed5c-4f77-be69-d316db7ae195,0,,112,5823.3280000000004,2647.9218999999998,28.529637999999998,27.980991,0,,,2023-05-06 00:00:00.0000000,Hawaii Farm-to-Car,2023-07-23 18:05:43.3751056,2023-07-06 22:05:57.8450638
d315d9fe-5188-48f1-8509-804fee4290f9,0,,133,7249.9489999999996,4252.0010000000002,29.643844999999999,28.296396000000001,0,,,2023-02-12 00:00:00.0000000,Yamil Matos,2023-07-23 18:07:01.0278223,2023-07-06 04:58:25.6884164
d4a072eb-33e1-41a3-8620-9fb14defa451,0,,223,1256.3626569826558,510.69195536418147,24.166198009123718,24.166198009123605,0,,,2024-09-09 00:00:00.0000000,Andy Plantman,2024-09-10 23:12:40.8535880,2024-09-10 23:12:30.1614861
d6badf1d-b4f3-4ef2-990d-3e11fc933260,0,,172,9411.2180000000008,8621.3870000000006,21.934062999999998,19.740656000000001,0,,,2022-10-18 00:00:00.0000000,That palm guy,2024-09-23 20:18:00.2511579,2023-10-21 18:21:33.9534885
d8feb66a-c916-452a-811f-750f59653d4a,0,,102,6578.3090000000002,3514.569,23.288155,21.624715999999999,0,,,2023-01-18 00:00:00.0000000,Yamil Matos,2023-07-23 18:06:28.8563579,2023-07-05 19:43:52.1473491
d91b6ce1-e660-4a49-9886-20c3b11ea9cf,0,,13,2558.7192,438.64870000000002,40.898795999999997,37.645479999999999,0,,,2022-11-05 00:00:00.0000000,Big Island Nurserymen Plant Sale,2023-07-06 23:28:54.3115439,2023-05-01 00:13:19.7949058
d9971efd-6144-48c7-b447-06975c3fbcd9,0,,78,6181.5037279020826,2989.8638784883633,18.589068318673526,18.589068318673526,0,,,2023-11-11 00:00:00.0000000,Liz Remix,2024-01-06 22:23:30.5517930,2024-01-06 22:21:45.8688524
d9e57218-5d1e-446f-8fd2-98760f95ad5b,0,,94,5679.2139999999999,2666.6565000000001,22.008308,22.008308,0,,,2023-01-16 00:00:00.0000000,Yamil Matos,2023-07-23 18:04:48.8082653,2023-07-05 17:32:38.2859995
d9f3f3c1-434f-409c-b195-11e4c045c27c,0,,53,258.1354,897.21276999999998,36.02055,34.383249999999997,0,,,2023-04-14 00:00:00.0000000,Plant Group Hawaii,2023-06-01 16:52:37.0708533,2023-06-01 00:08:52.8508382
db81764d-2b0d-42d7-8fcc-986449917b91,0,,141,1666.9152337483856,385.18152748989559,50.368078186614866,32.591109414868413,0,,,2021-01-01 00:00:00.0000000,Gift,2023-07-06 21:59:46.8540006,2023-07-06 21:59:42.7921210
db8cb229-aa22-45b5-840f-fc058bce80a1,0,,161,4155.6763000000001,1425.1603,20.003613000000001,19.423798000000001,0,,,2023-09-14 00:00:00.0000000,Big Island Nurserymen Plant Sale,2024-02-19 04:06:04.5294659,2023-10-07 23:17:26.0036485
dc18181d-c41c-4108-b996-74041a17f3fe,0,,134,7185.5870000000004,3984.6223,21.326333999999999,21.326333999999999,0,,,2023-02-11 00:00:00.0000000,Yamil Matos,2023-07-23 18:06:47.8119223,2023-07-06 05:02:45.8461553
dc7c2213-73ed-45de-92b0-bc1c60c0596d,0,,128,9456.9259999999995,8609.0509999999995,26.335052000000001,24.140464999999999,0,,,2023-02-11 00:00:00.0000000,Yamil Matos,2023-07-23 18:10:59.6442101,2023-07-06 04:08:55.2105650
dd01047d-1465-4667-a920-d9ce0fc608f6,0,,3,1516.3308999999999,389.60750000000002,27.015411,27.015411,0,,,2022-11-05 00:00:00.0000000,The farm,2023-07-06 23:38:33.8450761,2023-07-06 22:42:38.2658488
ddc036a1-45a0-4ed3-a30d-ffd165e41f01,0,,141,4364.0693000000001,1585.1628000000001,30.518719999999998,29.783328999999998,0,,,2022-11-02 00:00:00.0000000,Gift,2023-07-23 18:03:51.9730253,2023-07-06 21:58:52.7578316
dfc62ff8-95ba-44f0-b46b-e0b4b04167dd,0,,13,1578.6190999999999,408.5265,24.051618999999999,26.539717,0,,,2022-11-05 00:00:00.0000000,Big Island Nurserymen Plant Sale,2024-09-23 20:23:20.5070735,2023-10-25 01:16:07.0936634
e0545e4c-036b-44f2-9bd5-7bf04ba87dd5,0,,141,5669.9960000000001,2550.6035000000002,21.945876999999999,21.945876999999999,0,,,2022-11-02 00:00:00.0000000,Gift,2023-07-23 18:05:20.6779190,2023-07-06 21:57:51.9482168
e1a70b7b-2dca-486d-8b62-76da5ea75bc2,0,,172,9161.884,8424.6810000000005,22.192453,22.192453,0,,,2022-10-18 00:00:00.0000000,That palm guy,2024-09-23 20:17:34.6328857,2023-10-21 18:21:44.0178589
e2c21228-cb02-4361-a624-a69abd656b31,0,Shelly,12,1561.0824,351.50301999999999,31.82152,32.370167000000002,0,,,2022-04-23 00:00:00.0000000,Big Island Nurserymen Plant Sale,2023-07-06 23:26:53.6746676,2023-05-01 00:08:05.7938496
e2c96742-a53b-4f70-ac48-da74629a8fac,0,,82,5014.8315000000002,2134.2687999999998,20.352867,20.84928,0,,,2023-05-06 00:00:00.0000000,Garden Exchange,2024-02-19 07:43:31.7197422,2023-07-05 03:41:38.1919560
e435aa33-7064-4ebf-9180-0eed3b3a22b1,0,,207,4025.0454406391937,1647.003884779273,29.159870291101925,29.159870291101925,0,,,2024-03-27 00:00:00.0000000,Hawaii Farm-to-Car,2024-04-27 04:18:31.1695649,2024-04-27 04:18:07.9074048
e5289ad4-43ab-46a2-bc50-f474b2ecba1a,0,,213,4370.4006196313539,1743.5297722381686,22.116135,22.116135,0,,,2024-06-21 00:00:00.0000000,Plant Group Hawaii,2024-08-12 20:28:41.6413952,2024-06-23 21:45:09.4097369
e56fced9-5c1d-4dfd-8c46-8010ed5ca553,0,,32,7896.6970127039049,6614.9731759017486,21.655754777370021,22.322085693595909,0,,,2023-04-17 00:00:00.0000000,That palm guy,2023-07-06 03:37:21.7172131,2023-07-06 03:35:38.2695941
e57ad097-6613-49d7-9323-7efebe46304a,0,,16,9106.5130000000008,8364.0750000000007,19.120163000000002,18.384771000000001,0,,,2022-10-22 00:00:00.0000000,Kona,2023-07-23 18:10:54.8782512,2023-07-06 03:42:06.5685532
e5eb9c36-4e30-449f-954f-b85a4e4dbece,0,,16,2197.9555999999998,288.68329999999997,32.370167000000002,32.370167000000002,0,,,2022-09-03 00:00:00.0000000,Kona,2023-07-06 23:25:53.3787032,2023-05-01 00:06:57.1088029
e6e5f40e-ba9f-4774-a4fb-131a63121807,0,,32,567.61536000000001,568.63149999999996,28.296396000000001,26.94895,0,,,2023-04-17 00:00:00.0000000,That palm guy,2023-05-31 00:02:49.4207638,2023-05-23 03:47:16.2362813
e7fae97b-3c3e-4714-a90c-16d627b0ca35,0,,186,6218.217225049224,3484.1453636110186,22.122943414520705,22.122943414520705,0,,,2023-10-27 00:00:00.0000000,Yamil Matos,2023-10-28 06:52:48.7195815,2023-10-28 06:52:27.7188485
e813422c-d400-41ed-bf16-e88a5817caa0,0,,127,8695.0740000000005,8000.2323999999999,19.435390000000002,18.765205000000002,0,,,2023-02-13 00:00:00.0000000,Yamil Matos,2023-07-23 18:10:41.2728938,2023-07-06 04:04:40.0714358
e885c0f8-4c32-44bb-a551-56dd758811d1,0,,143,400.42411952074713,524.70652379994158,95.836584558964319,115.27197583315979,0,,,2021-01-01 00:00:00.0000000,The farm,2023-07-06 22:43:50.7747235,2023-07-06 22:04:18.7979403
e8a1de59-4e14-438b-9144-e809efc46438,0,,70,3764.0542,1139.7719999999999,17.516817,17.965965000000001,0,,,2023-05-07 00:00:00.0000000,Home Depot,2023-07-06 03:53:48.4601737,2023-07-05 01:56:21.3743816
e918caa3-8e34-4a33-b351-18b5364cfadd,0,,7,1551.0011999999999,541.41876000000002,54.074973999999997,53.298009999999998,100.14478826418018,,,2022-10-23 00:00:00.0000000,Leo's lady,2023-07-30 21:20:50.1305032,2023-02-18 04:09:29.3456037
e9e1f578-a3a6-4fca-8af9-bdd3ab96923a,0,,142,5455.7338188109279,2402.6892586753079,16.877988056658069,19.856456537243957,0,,,2022-11-02 00:00:00.0000000,The Farm,2023-07-07 01:02:03.9889562,2023-07-06 22:02:09.7632392
e9f87c75-9e2d-4bc6-bf39-652f4ba0ee49,0,,112,1960.223507032156,389.67411516078045,32.168340000000001,31.603439999999999,0,,,2023-05-06 00:00:00.0000000,Hawaii Farm-to-Car,2023-07-06 23:42:33.6708507,2023-05-23 04:06:33.2222290
ea70bfcf-841d-40e1-a31b-e5d1750a53f1,0,,142,4982.1573303976593,2041.798161110898,25.316982084986194,33.259564699883867,0,,,2022-11-02 00:00:00.0000000,The Farm,2023-07-07 01:01:37.7447037,2023-07-06 22:02:00.7925988
eab25526-675d-4cb4-b5d4-b3d7a7113176,0,,3,1840.289696995995,427.13209999999992,29.296572000000001,27.901496999999999,0,,,2023-04-04 00:00:00.0000000,The farm,2023-08-27 20:56:34.7410969,2023-05-23 04:12:47.3203593
eb5796d2-6048-48cd-acdb-5f354b529c9a,0,,76,7752.1390000000001,5535.183,20.84928,20.84928,0,,,2023-02-19 00:00:00.0000000,Ebay,2024-04-26 21:14:05.4720185,2023-07-05 23:21:35.6053546
ec0a2fba-76c2-4230-9ce9-18b2d1c99e60,0,,157,6477.5635703521275,4153.0502893634794,25.469790916497004,23.910415962425759,0,,,2023-09-30 00:00:00.0000000,Andy Plantman,2023-10-21 19:05:34.1298579,2023-09-17 19:39:01.3462465
ed1030df-61ef-4db2-be06-325e3bf25ed0,0,,103,6704.5234,3696.4335999999998,35.776359999999997,34.563600000000001,0,,,2023-04-14 00:00:00.0000000,Plant Group Hawaii,2023-07-23 18:06:32.9435540,2023-07-05 19:49:42.9123392
ed3a0a71-7fa7-475d-92d8-e9c2935bfc77,0,,41,4841.3594000000003,2017.2283,24.796879000000001,25.467064000000001,0,,,2023-05-26 00:00:00.0000000,Plant Group Hawaii,2023-07-05 02:56:55.4277986,2023-05-27 06:58:37.8869529
edf36bd2-05d2-44a3-8684-6cd3ba14231c,0,Red torch ,10,1734.5217,538.51949999999999,47.209248000000002,42.739735000000003,0,,,2022-10-23 00:00:00.0000000,Leo's lady,2023-07-23 18:02:57.0460108,2023-02-18 02:11:18.5364912
ee3ebb3d-ecfc-41d5-9a72-9b8b5f151eab,0,,99,6334.2740000000003,3150.2449000000001,29.471357000000001,31.927305,0,,,2022-11-13 00:00:00.0000000,Yamil Matos,2023-07-23 18:06:06.8486086,2023-07-05 17:50:54.2180156
eeacb519-97d5-419e-8f65-ff1642626f95,0,,16,8776.6980000000003,8070.3525,19.120163000000002,18.384771000000001,0,,,2022-10-22 00:00:00.0000000,Kona,2024-06-20 18:33:11.7508995,2023-07-06 03:41:13.6351495
eeaecba0-4702-4f12-a01d-6ebedb4a41db,0,,202,3834.6912000000002,1281.5450000000001,26.862093000000002,26.862093000000002,0,,,2024-04-20 00:00:00.0000000,Rar,2024-04-26 21:23:36.9952377,2024-04-20 23:24:06.9901904
f00a9768-c02f-42b4-ab4c-81a6fbc20a01,0,,39,2724.0401718713752,269.93093438587312,513.92193999999995,153.75728000000001,13.376941634139461,,,2023-04-04 00:00:00.0000000,The farm,2023-07-06 21:59:18.4036679,2023-05-23 04:46:37.5529398
f08c264d-49bf-4d65-8fb1-a9123f015ba3,0,,16,9198.3490000000002,8439.5290000000005,19.120163000000002,18.384771000000001,0,,,2022-10-22 00:00:00.0000000,Kona,2023-07-23 18:10:57.1251029,2023-07-06 03:42:15.8073133
f0b779a9-33fe-4bc2-a20d-f91b174ff01e,0,,40,8213.3435329636832,4528.7683355005211,24.918507971744475,24.918507971744475,0,,,2023-10-27 00:00:00.0000000,Yamil Matos,2023-10-28 06:53:39.9568736,2023-10-28 06:53:26.8735539
f0df10ee-0fcc-4fd6-9080-b51893c6051c,0,Red Gin,16,1856.732604007791,293.10676468582204,41.984107999999999,41.984107999999999,0,,,2022-09-03 00:00:00.0000000,Kona,2023-07-06 23:26:25.6616716,2023-04-30 23:43:00.2384647
f1e64796-c7d7-477f-a679-5e349c92eaff,0,,191,6257.1484497029833,2975.1845405513577,18.204581359820622,18.204581359820168,0,,,2024-01-06 00:00:00.0000000,Plant Group Hawaii,2024-01-06 22:20:32.3609374,2024-01-06 22:20:09.5651043
f21c5712-7cff-4b3c-b072-8a5a90bd9a01,0,Unknown Variety!  Guessed.,196,5893.7849568460097,2836.3846104126092,24.68914478181523,24.68914478181523,0,,,2022-11-05 00:00:00.0000000,Yamil Matos,2024-02-19 20:01:01.9348158,2024-02-19 19:59:48.2272283
f31b0441-4e88-42c6-8000-01716aa46ae5,0,,52,191.21169,789.13319999999999,44.595073999999997,44.595073999999997,0,,,2023-01-27 00:00:00.0000000,Yamil Matos,2023-07-03 23:10:40.3682657,2023-06-01 00:03:55.0522727
f3928d17-db36-494e-95b6-5f7de4c5d1c0,0,Purple nanner,15,539.81934000000001,514.34630000000004,32.669986999999999,30.981995000000001,0,,,2023-01-20 00:00:00.0000000,Yamil Matos,2023-06-01 05:13:05.5183949,2023-02-17 00:48:27.3855410
f3db7327-1ade-4970-81c8-5340555e78a6,0,,143,2134.1082000000001,340.31585999999999,22.961918000000001,22.961918000000001,0,,,2022-11-05 00:00:00.0000000,The farm,2023-10-25 01:13:58.3898870,2023-07-06 23:31:17.0146864
f477287c-927e-434b-83df-5c5e6d60cfb6,0,,175,7801.4435986956041,3920.9565098206026,24.272025859520909,24.894385496943869,0,,,2023-06-17 00:00:00.0000000,Garden Exchange,2024-02-19 19:47:04.2529851,2023-10-21 18:48:18.3582427
f5a85a8a-9536-43cf-b709-148de5b0a9cb,0,,220,4714.6222121329465,1951.0153524764842,15.386753240768485,15.386753240768485,0,,,2024-09-10 00:00:00.0000000,Andy Plantman,2024-09-10 23:04:05.9209925,2024-09-10 23:03:55.8820216
f7cb0947-15cf-4a44-aa0c-8a63b64be5c0,0,,50,3761.6707000000001,1265.6318000000001,25.184038000000001,25.184038000000001,0,,,2023-04-29 00:00:00.0000000,Plant Group Hawaii,2023-05-31 00:33:20.2794340,2023-05-31 00:13:33.0083757
f854298d-3af7-426c-a926-4d640f574a21,0,,141,5849.6631302168644,2756.5538567334252,24.689110836848158,25.237757744333067,0,,,2022-11-02 00:00:00.0000000,Gift,2023-07-07 01:02:28.9714507,2023-07-06 22:05:23.6119493
f969f10a-d194-4278-8beb-3291d526286f,0,,116,7672.1930000000002,5289.4755999999998,19.751290000000001,20.848583000000001,0,,,2022-11-12 00:00:00.0000000,Gift,2024-08-12 05:04:44.4094239,2023-07-05 23:19:05.5012809
fa3a0527-a7f3-4914-8989-0ea640b44cae,0,,16,5703.723,2586.4733999999999,21.945876999999999,20.848583000000001,0,,,2022-09-17 00:00:00.0000000,Kona,2023-07-23 18:05:17.7818052,2023-07-06 22:06:30.0846430
fb66c0b3-4296-420e-8894-970e5c18fd46,0,,16,9915.6617120146657,8802.8977478446923,19.120162088089273,18.384771238548637,0,,,2022-09-17 00:00:00.0000000,Kona,2023-07-06 23:14:19.5420703,2023-07-06 03:43:09.0179388
fb7ee371-575b-4ff1-a6a2-59cf3921907d,0,Lutea,18,2329.5137,589.52739999999994,29.806759,27.355923000000001,0,,,2023-01-21 00:00:00.0000000,Yamil Matos,2023-05-31 23:03:03.6568255,2023-02-18 02:11:16.8649421
fd1c47ef-a693-4ff5-ad0f-6e09a2921d91,0,,120,7918.0519999999997,6042.8699999999999,22.494523999999998,23.591818,0,,,2023-01-22 00:00:00.0000000,Yamil Matos,2024-04-26 21:14:30.2640826,2023-07-05 23:35:06.9865478
fdd11940-3973-424e-bf0d-7f20d35246d2,0,,39,2255.5842239227968,381.05473968703819,22.961917996839475,21.480503932526915,0,,,2023-04-04 00:00:00.0000000,The Farm,2023-07-06 23:34:05.9019375,2023-07-06 23:34:04.2488328
fe70a350-ce64-47c4-bbe0-e32333e24122,0,,152,8812.1280000000006,8103.4449999999997,19.120163000000002,18.384771000000001,0,,,2023-01-14 00:00:00.0000000,Kona,2023-10-25 00:49:02.2640223,2023-07-06 03:41:21.7767850
fec1d310-17bb-41cd-a120-51e99007aaab,0,,67,761.15423999999996,3467.0273000000002,20.46622,21.284870000000002,0,,,2023-06-09 00:00:00.0000000,Plant Group Hawaii,2023-07-30 21:18:53.6887162,2023-07-03 23:05:06.1695132
ff4f7ff6-50a4-4abc-adca-68104e884c6a,0,,12,3901.7550999999999,1217.596,59.203040000000001,57.148772999999998,0,,,2022-04-16 00:00:00.0000000,Big Island Nurserymen Plant Sale,2023-07-23 18:03:28.0532932,2023-05-23 04:11:17.4324690
